"""A""","""Agilent Technolog""",51.82,"""10/20/2014""","""2:50pm""","""-0.45 - -0.86%""","3750987
"
"""AA""","""Alcoa Inc. Common""",15.605,"""10/20/2014""","""2:50pm""","""-0.015 - -0.10%""","11186632
"
"""AAPL""","""Apple Inc.""",99.54,"""10/20/2014""","""2:50pm""","""+1.87 - +1.91%""","47073900
"
"""ABBV""","""AbbVie Inc. Commo""",54.45,"""10/20/2014""","""2:50pm""","""+1.08 - +2.02%""","11437267
"
"""ABC""","""AmerisourceBergen""",75.40,"""10/20/2014""","""2:50pm""","""-0.44 - -0.58%""","1556447
"
"""ABT""","""Abbott Laboratori""",41.27,"""10/20/2014""","""2:50pm""","""+0.41 - +1.00%""","3121466
"
"""ACE""","""Ace Limited Commo""",104.65,"""10/20/2014""","""2:50pm""","""+0.04 - +0.04%""","730680
"
"""ACN""","""Accenture plc. Cl""",76.19,"""10/20/2014""","""2:50pm""","""-0.43 - -0.56%""","1697713
"
"""ACT""","""Actavis plc Ordin""",225.62,"""10/20/2014""","""2:50pm""","""+0.89 - +0.40%""","1174664
"
"""ADBE""","""Adobe Systems Inc""",64.45,"""10/20/2014""","""2:50pm""","""-0.07 - -0.11%""","3161649
"
"""ADI""","""Analog Devices"," I""",45.24,"""10/20/2014""","""2:49pm""","""+0.30 - +0.67%""","1334411
"
"""ADM""","""Archer-Daniels-Mi""",45.45,"""10/20/2014""","""2:50pm""","""+0.95 - +2.13%""","3029742
"
"""ADP""","""Automatic Data Pr""",72.92,"""10/20/2014""","""2:50pm""","""+0.24 - +0.33%""","818078
"
"""ADS""","""Alliance Data Sys""",260.76,"""10/20/2014""","""2:48pm""","""+1.04 - +0.40%""","513828
"
"""ADSK""","""Autodesk"," Inc.""",51.34,"""10/20/2014""","""2:50pm""","""+0.55 - +1.08%""","1517269
"
"""ADT""","""ADT Corporation C""",32.76,"""10/20/2014""","""2:50pm""","""-0.07 - -0.21%""","1021769
"
"""AEE""","""Ameren Corporatio""",40.355,"""10/20/2014""","""2:50pm""","""+0.685 - +1.73%""","1099779
"
"""AEP""","""American Electric""",55.3701,"""10/20/2014""","""2:50pm""","""+0.7601 - +1.39%""","1450204
"
"""AES""","""The AES Corporati""",13.32,"""10/20/2014""","""2:50pm""","""+0.03 - +0.23%""","3363897
"
"""AET""","""Aetna Inc. Common""",76.08,"""10/20/2014""","""2:50pm""","""+0.69 - +0.92%""","1169519
"
"""AFL""","""AFLAC Incorporate""",56.99,"""10/20/2014""","""2:50pm""","""-0.02 - -0.04%""","1092209
"
"""AGN""","""Allergan"," Inc. Co""",180.885,"""10/20/2014""","""2:50pm""","""+3.395 - +1.91%""","1352768
"
"""AIG""","""American Internat""",50.90,"""10/20/2014""","""2:50pm""","""+0.14 - +0.28%""","5816104
"
"""AIV""","""Apartment Investm""",33.965,"""10/20/2014""","""2:50pm""","""+0.455 - +1.36%""","419190
"
"""AIZ""","""Assurant"," Inc. Co""",62.5966,"""10/20/2014""","""2:50pm""","""+0.2766 - +0.44%""","288414
"
"""AKAM""","""Akamai Technologi""",54.17,"""10/20/2014""","""2:50pm""","""+0.33 - +0.61%""","1510872
"
"""ALL""","""Allstate Corporat""",60.67,"""10/20/2014""","""2:50pm""","""+0.03 - +0.05%""","1049840
"
"""ALLE""","""Allegion plc Ordi""",46.75,"""10/20/2014""","""2:50pm""","""0.00 - 0.00%""","371300
"
"""ALTR""","""Altera Corporatio""",32.98,"""10/20/2014""","""2:50pm""","""+0.46 - +1.41%""","3228668
"
"""ALXN""","""Alexion Pharmaceu""",169.23,"""10/20/2014""","""2:50pm""","""+4.48 - +2.72%""","839104
"
"""AMAT""","""Applied Materials""",20.0411,"""10/20/2014""","""2:50pm""","""+0.1611 - +0.81%""","6910270
"
"""AME""","""AMETEK"," Inc.""",49.01,"""10/20/2014""","""2:50pm""","""+0.18 - +0.37%""","942832
"
"""AMG""","""Affiliated Manage""",184.75,"""10/20/2014""","""2:50pm""","""-0.40 - -0.22%""","265399
"
"""AMGN""","""Amgen Inc.""",137.00,"""10/20/2014""","""2:50pm""","""+3.31 - +2.48%""","4634779
"
"""AMP""","""Ameriprise Financ""",112.99,"""10/20/2014""","""2:50pm""","""+0.69 - +0.61%""","562475
"
"""AMT""","""American Tower Co""",93.78,"""10/20/2014""","""2:50pm""","""+0.61 - +0.65%""","869678
"
"""AMZN""","""Amazon.com"," Inc.""",304.23,"""10/20/2014""","""2:50pm""","""+0.59 - +0.19%""","2553333
"
"""AN""","""AutoNation"," Inc. """,50.075,"""10/20/2014""","""2:50pm""","""+0.775 - +1.57%""","437748
"
"""AON""","""Aon plc Class A O""",80.15,"""10/20/2014""","""2:50pm""","""-0.82 - -1.01%""","1528873
"
"""APA""","""Apache Corporatio""",72.79,"""10/20/2014""","""2:50pm""","""+0.19 - +0.26%""","3009203
"
"""APC""","""Anadarko Petroleu""",89.90,"""10/20/2014""","""2:50pm""","""+1.38 - +1.56%""","3299564
"
"""APD""","""Air Products and """,129.55,"""10/20/2014""","""2:50pm""","""+0.54 - +0.42%""","793697
"
"""APH""","""Amphenol Corporat""",48.00,"""10/20/2014""","""2:51pm""","""-0.03 - -0.06%""","631219
"
"""ARG""","""Airgas"," Inc. Comm""",110.48,"""10/20/2014""","""2:50pm""","""+1.23 - +1.13%""","357516
"
"""ATI""","""Allegheny Technol""",32.80,"""10/20/2014""","""2:50pm""","""-0.19 - -0.58%""","883139
"
"""AVB""","""AvalonBay Communi""",149.85,"""10/20/2014""","""2:50pm""","""+0.48 - +0.32%""","499860
"
"""AVGO""","""Avago Technologie""",77.61,"""10/20/2014""","""2:50pm""","""+0.46 - +0.60%""","984426
"
"""AVP""","""Avon Products"," In""",11.54,"""10/20/2014""","""2:51pm""","""+0.29 - +2.58%""","2524462
"
"""AVY""","""Avery Dennison Co""",43.30,"""10/20/2014""","""2:51pm""","""+0.17 - +0.39%""","719429
"
"""AXP""","""American Express """,83.8075,"""10/20/2014""","""2:51pm""","""+1.2275 - +1.49%""","3465422
"
"""AZO""","""AutoZone"," Inc. Co""",516.19,"""10/20/2014""","""2:51pm""","""+8.60 - +1.69%""","104932
"
"""BA""","""Boeing Company (T""",123.865,"""10/20/2014""","""2:51pm""","""+0.625 - +0.51%""","2248204
"
"""BAC""","""Bank of America C""",16.247,"""10/20/2014""","""2:51pm""","""+0.037 - +0.23%""","52034212
"
"""BAX""","""Baxter Internatio""",67.71,"""10/20/2014""","""2:51pm""","""+0.47 - +0.70%""","1986286
"
"""BBBY""","""Bed Bath & Beyond""",63.99,"""10/20/2014""","""2:51pm""","""+0.89 - +1.41%""","1170928
"
"""BBT""","""BB&T Corporation """,35.305,"""10/20/2014""","""2:51pm""","""+0.105 - +0.30%""","3429548
"
"""BBY""","""Best Buy Co."," Inc""",32.23,"""10/20/2014""","""2:51pm""","""+0.89 - +2.84%""","2019193
"
"""BCR""","""C.R. Bard"," Inc. C""",146.15,"""10/20/2014""","""2:51pm""","""+0.88 - +0.61%""","241664
"
"""BDX""","""Becton"," Dickinson""",122.59,"""10/20/2014""","""2:51pm""","""+0.86 - +0.71%""","1144685
"
"""BEN""","""Franklin Resource""",51.65,"""10/20/2014""","""2:51pm""","""-0.06 - -0.12%""","1113491
"
"""BF.B""","""BF.B""",0.00,"""N/A""","""9:-19pm""","""N/A - N/A""","N/A
"
"""BHI""","""Baker Hughes Inco""",52.57,"""10/20/2014""","""2:51pm""","""-0.56 - -1.05%""","4587889
"
"""BIIB""","""Biogen Idec Inc.""",311.00,"""10/20/2014""","""2:51pm""","""+4.29 - +1.40%""","1025985
"
"""BK""","""Bank of New York """,36.245,"""10/20/2014""","""2:51pm""","""-0.115 - -0.32%""","2656595
"
"""BLK""","""BlackRock"," Inc. C""",313.00,"""10/20/2014""","""2:51pm""","""-2.68 - -0.85%""","446066
"
"""BLL""","""Ball Corporation """,65.79,"""10/20/2014""","""2:51pm""","""+0.76 - +1.17%""","805188
"
"""BMS""","""Bemis Company"," In""",38.49,"""10/20/2014""","""2:50pm""","""+0.38 - +1.00%""","403245
"
"""BMY""","""Bristol-Myers Squ""",50.38,"""10/20/2014""","""2:51pm""","""-0.04 - -0.08%""","3416713
"
"""BRCM""","""Broadcom Corporat""",36.17,"""10/20/2014""","""2:51pm""","""+0.40 - +1.12%""","2839545
"
"""BRK.B""","""BRK.B""",0.00,"""N/A""","""N/A""","""N/A - N/A""","N/A
"
"""BSX""","""Boston Scientific""",11.54,"""10/20/2014""","""2:51pm""","""+0.17 - +1.50%""","3655741
"
"""BWA""","""BorgWarner Inc. C""",54.48,"""10/20/2014""","""2:51pm""","""-0.50 - -0.91%""","734474
"
"""BXP""","""Boston Properties""",120.48,"""10/20/2014""","""2:51pm""","""+0.92 - +0.77%""","348853
"
"""C""","""Citigroup"," Inc. C""",50.39,"""10/20/2014""","""2:51pm""","""+0.32 - +0.64%""","8596358
"
"""CA""","""CA Inc.""",26.555,"""10/20/2014""","""2:51pm""","""+0.205 - +0.78%""","2317183
"
"""CAG""","""ConAgra Foods"," In""",34.225,"""10/20/2014""","""2:51pm""","""+0.575 - +1.71%""","2875079
"
"""CAH""","""Cardinal Health"," """,73.95,"""10/20/2014""","""2:51pm""","""+0.33 - +0.45%""","1539598
"
"""CAM""","""Cameron Internati""",58.04,"""10/20/2014""","""2:51pm""","""+0.69 - +1.20%""","1887072
"
"""CAT""","""Caterpillar"," Inc.""",94.00,"""10/20/2014""","""2:51pm""","""-1.05 - -1.10%""","3085323
"
"""CB""","""Chubb Corporation""",92.88,"""10/20/2014""","""2:51pm""","""-0.01 - -0.01%""","565213
"
"""CBG""","""CBRE Group Inc Co""",29.32,"""10/20/2014""","""2:51pm""","""+0.34 - +1.17%""","763658
"
"""CBS""","""CBS Corporation C""",53.51,"""10/20/2014""","""2:52pm""","""+1.16 - +2.22%""","5266205
"
"""CCE""","""Coca-Cola Enterpr""",41.8856,"""10/20/2014""","""2:51pm""","""+0.7756 - +1.89%""","1720442
"
"""CCI""","""Crown Castle Inte""",82.04,"""10/20/2014""","""2:52pm""","""+1.20 - +1.48%""","1200818
"
"""CCL""","""Carnival Corporat""",35.71,"""10/20/2014""","""2:51pm""","""+0.79 - +2.26%""","4952095
"
"""CELG""","""Celgene Corporati""",92.30,"""10/20/2014""","""2:52pm""","""+4.18 - +4.74%""","6173611
"
"""CERN""","""Cerner Corporatio""",58.03,"""10/20/2014""","""2:51pm""","""+0.84 - +1.47%""","802593
"
"""CF""","""CF Industries Hol""",249.49,"""10/20/2014""","""2:52pm""","""+4.53 - +1.85%""","533362
"
"""CFN""","""CareFusion Corpor""",56.46,"""10/20/2014""","""2:51pm""","""+0.12 - +0.21%""","1845347
"
"""CHK""","""Chesapeake Energy""",20.635,"""10/20/2014""","""2:52pm""","""+0.475 - +2.36%""","7455005
"
"""CHRW""","""C.H. Robinson Wor""",68.62,"""10/20/2014""","""2:52pm""","""+0.64 - +0.94%""","859218
"
"""CI""","""Cigna Corporation""",90.37,"""10/20/2014""","""2:52pm""","""+1.33 - +1.49%""","578154
"
"""CINF""","""Cincinnati Financ""",46.79,"""10/20/2014""","""2:51pm""","""-0.02 - -0.04%""","317952
"
"""CL""","""Colgate-Palmolive""",64.50,"""10/20/2014""","""2:52pm""","""+0.77 - +1.21%""","1610352
"
"""CLX""","""Clorox Company (T""",97.43,"""10/20/2014""","""2:52pm""","""+1.13 - +1.17%""","839090
"
"""CMA""","""Comerica Incorpor""",43.75,"""10/20/2014""","""2:52pm""","""+0.69 - +1.60%""","1860301
"
"""CMCSA""","""Comcast Corporati""",51.27,"""10/20/2014""","""2:52pm""","""+0.59 - +1.16%""","9590661
"
"""CME""","""CME Group Inc.""",79.20,"""10/20/2014""","""2:52pm""","""+0.94 - +1.20%""","788396
"
"""CMG""","""Chipotle Mexican """,647.75,"""10/20/2014""","""2:52pm""","""+6.03 - +0.94%""","455749
"
"""CMI""","""Cummins Inc. Comm""",130.57,"""10/20/2014""","""2:52pm""","""+0.04 - +0.03%""","762950
"
"""CMS""","""CMS Energy Corpor""",31.30,"""10/20/2014""","""2:51pm""","""+0.75 - +2.45%""","1414141
"
"""CNP""","""CenterPoint Energ""",23.499,"""10/20/2014""","""2:52pm""","""+0.329 - +1.42%""","2862607
"
"""CNX""","""CONSOL Energy Inc""",34.70,"""10/20/2014""","""2:52pm""","""-0.08 - -0.23%""","1895715
"
"""COF""","""Capital One Finan""",76.40,"""10/20/2014""","""2:52pm""","""-0.03 - -0.04%""","3131802
"
"""COG""","""Cabot Oil & Gas C""",30.845,"""10/20/2014""","""2:52pm""","""-0.105 - -0.34%""","3942411
"
"""COH""","""Coach"," Inc. Commo""",35.05,"""10/20/2014""","""2:52pm""","""+0.56 - +1.62%""","2828999
"
"""COL""","""Rockwell Collins","""",76.41,"""10/20/2014""","""2:52pm""","""+0.16 - +0.21%""","425402
"
"""COP""","""ConocoPhillips Co""",68.72,"""10/20/2014""","""2:52pm""","""+0.64 - +0.94%""","4572977
"
"""COST""","""Costco Wholesale """,128.06,"""10/20/2014""","""2:52pm""","""+3.41 - +2.74%""","2122527
"
"""COV""","""Covidien plc. Ord""",84.215,"""10/20/2014""","""2:52pm""","""+2.015 - +2.45%""","7026427
"
"""CPB""","""Campbell Soup Com""",42.75,"""10/20/2014""","""2:52pm""","""+0.71 - +1.69%""","464904
"
"""CRM""","""Salesforce.com In""",55.85,"""10/20/2014""","""2:52pm""","""+0.22 - +0.40%""","2075371
"
"""CSC""","""Computer Sciences""",56.34,"""10/20/2014""","""2:52pm""","""-0.10 - -0.18%""","615599
"
"""CSCO""","""Cisco Systems"," In""",22.86,"""10/20/2014""","""2:52pm""","""-0.39 - -1.68%""","23629172
"
"""CSX""","""CSX Corporation C""",33.43,"""10/20/2014""","""2:52pm""","""-0.43 - -1.27%""","14691497
"
"""CTAS""","""Cintas Corporatio""",68.82,"""10/20/2014""","""2:52pm""","""-0.47 - -0.68%""","442369
"
"""CTL""","""CenturyLink"," Inc.""",39.21,"""10/20/2014""","""2:52pm""","""+0.35 - +0.90%""","1367192
"
"""CTSH""","""Cognizant Technol""",43.58,"""10/20/2014""","""2:52pm""","""-0.62 - -1.40%""","2204254
"
"""CTXS""","""Citrix Systems"," I""",65.10,"""10/20/2014""","""2:52pm""","""+0.56 - +0.87%""","1991391
"
"""CVC""","""Cablevision Syste""",17.65,"""10/20/2014""","""2:52pm""","""+0.22 - +1.26%""","727504
"
"""CVS""","""CVS Health Corpor""",81.58,"""10/20/2014""","""2:52pm""","""+1.62 - +2.03%""","3792260
"
"""CVX""","""Chevron Corporati""",111.1882,"""10/20/2014""","""2:52pm""","""-0.6118 - -0.55%""","5857665
"
"""D""","""Dominion Resource""",69.42,"""10/20/2014""","""2:52pm""","""+0.69 - +1.00%""","1217748
"
"""DAL""","""Delta Air Lines"," """,35.94,"""10/20/2014""","""2:53pm""","""+1.55 - +4.51%""","15767514
"
"""DD""","""E.I. du Pont de N""",67.76,"""10/20/2014""","""2:52pm""","""+0.78 - +1.16%""","3403142
"
"""DE""","""Deere & Company C""",82.2075,"""10/20/2014""","""2:53pm""","""-1.0825 - -1.30%""","3023046
"
"""DFS""","""Discover Financia""",62.59,"""10/20/2014""","""2:53pm""","""+0.14 - +0.22%""","1336788
"
"""DG""","""Dollar General Co""",60.86,"""10/20/2014""","""2:53pm""","""+0.91 - +1.52%""","3847217
"
"""DGX""","""Quest Diagnostics""",59.115,"""10/20/2014""","""2:52pm""","""+0.305 - +0.52%""","702332
"
"""DHI""","""D.R. Horton"," Inc.""",22.065,"""10/20/2014""","""2:52pm""","""+0.505 - +2.34%""","5716134
"
"""DHR""","""Danaher Corporati""",74.60,"""10/20/2014""","""2:53pm""","""-0.19 - -0.25%""","2000312
"
"""DIS""","""Walt Disney Compa""",85.39,"""10/20/2014""","""2:53pm""","""+1.56 - +1.86%""","5903802
"
"""DISCA""","""Discovery Communi""",34.59,"""10/20/2014""","""2:53pm""","""-0.06 - -0.17%""","1539673
"
"""DISCK""","""Discovery Communi""",34.17,"""10/20/2014""","""2:53pm""","""-0.21 - -0.61%""","965911
"
"""DLPH""","""Delphi Automotive""",63.32,"""10/20/2014""","""2:53pm""","""+0.23 - +0.36%""","1038050
"
"""DLTR""","""Dollar Tree"," Inc.""",57.05,"""10/20/2014""","""2:53pm""","""+0.475 - +0.84%""","1602815
"
"""DNB""","""Dun & Bradstreet """,115.32,"""10/20/2014""","""2:53pm""","""+0.09 - +0.08%""","242183
"
"""DNR""","""Denbury Resources""",12.46,"""10/20/2014""","""2:53pm""","""+0.04 - +0.32%""","3334325
"
"""DO""","""Diamond Offshore """,37.66,"""10/20/2014""","""2:53pm""","""+0.63 - +1.70%""","749876
"
"""DOV""","""Dover Corporation""",74.65,"""10/20/2014""","""2:53pm""","""+0.14 - +0.19%""","912046
"
"""DOW""","""Dow Chemical Comp""",46.58,"""10/20/2014""","""2:53pm""","""+0.53 - +1.15%""","5051469
"
"""DPS""","""Dr Pepper Snapple""",64.68,"""10/20/2014""","""2:53pm""","""+1.59 - +2.52%""","1239001
"
"""DRI""","""Darden Restaurant""",48.98,"""10/20/2014""","""2:53pm""","""+0.30 - +0.62%""","781308
"
"""DTE""","""DTE Energy Compan""",78.40,"""10/20/2014""","""2:53pm""","""+1.42 - +1.84%""","974067
"
"""DTV""","""DIRECTV""",85.14,"""10/20/2014""","""2:53pm""","""+0.12 - +0.14%""","1342803
"
"""DUK""","""Duke Energy Corpo""",79.40,"""10/20/2014""","""2:53pm""","""+0.97 - +1.24%""","1496358
"
"""DVA""","""DaVita HealthCare""",73.27,"""10/20/2014""","""2:53pm""","""+0.52 - +0.71%""","462667
"
"""DVN""","""Devon Energy Corp""",57.888,"""10/20/2014""","""2:53pm""","""-0.282 - -0.48%""","2699632
"
"""EA""","""Electronic Arts I""",34.77,"""10/20/2014""","""2:53pm""","""+0.495 - +1.44%""","1825025
"
"""EBAY""","""eBay Inc.""",48.955,"""10/20/2014""","""2:53pm""","""+1.005 - +2.10%""","8696170
"
"""ECL""","""Ecolab Inc. Commo""",109.56,"""10/20/2014""","""2:53pm""","""+1.67 - +1.55%""","570617
"
"""ED""","""Consolidated Edis""",61.28,"""10/20/2014""","""2:53pm""","""+0.58 - +0.96%""","1826766
"
"""EFX""","""Equifax"," Inc. Com""",72.6373,"""10/20/2014""","""2:53pm""","""-0.2427 - -0.33%""","373016
"
"""EIX""","""Edison Internatio""",59.84,"""10/20/2014""","""2:53pm""","""+1.08 - +1.84%""","1714821
"
"""EL""","""Estee Lauder Comp""",73.18,"""10/20/2014""","""2:53pm""","""+1.00 - +1.39%""","691861
"
"""EMC""","""EMC Corporation C""",26.9551,"""10/20/2014""","""2:53pm""","""-0.1549 - -0.57%""","10850973
"
"""EMN""","""Eastman Chemical """,75.42,"""10/20/2014""","""2:53pm""","""+0.28 - +0.37%""","1349037
"
"""EMR""","""Emerson Electric """,60.915,"""10/20/2014""","""2:53pm""","""-0.305 - -0.50%""","2297073
"
"""EOG""","""EOG Resources"," In""",92.71,"""10/20/2014""","""2:53pm""","""+1.49 - +1.63%""","3161572
"
"""EQR""","""Equity Residentia""",66.80,"""10/20/2014""","""2:53pm""","""+0.90 - +1.37%""","1162547
"
"""EQT""","""EQT Corporation C""",83.02,"""10/20/2014""","""2:53pm""","""-0.40 - -0.48%""","914255
"
"""ESRX""","""Express Scripts H""",71.245,"""10/20/2014""","""2:53pm""","""+0.505 - +0.71%""","1487045
"
"""ESS""","""Essex Property Tr""",189.37,"""10/20/2014""","""2:53pm""","""+2.66 - +1.42%""","158569
"
"""ESV""","""Ensco plc Class A""",38.15,"""10/20/2014""","""2:53pm""","""+0.37 - +0.98%""","3643456
"
"""ETFC""","""E*TRADE Financial""",20.339,"""10/20/2014""","""2:53pm""","""+0.219 - +1.09%""","2660544
"
"""ETN""","""Eaton Corporation""",60.9101,"""10/20/2014""","""2:53pm""","""-0.5299 - -0.86%""","1738906
"
"""ETR""","""Entergy Corporati""",79.76,"""10/20/2014""","""2:53pm""","""+0.43 - +0.54%""","809572
"
"""EW""","""Edwards Lifescien""",101.29,"""10/20/2014""","""2:53pm""","""+2.29 - +2.31%""","598569
"
"""EXC""","""Exelon Corporatio""",34.95,"""10/20/2014""","""2:54pm""","""+0.57 - +1.66%""","2550858
"
"""EXPD""","""Expeditors Intern""",39.64,"""10/20/2014""","""2:54pm""","""+0.04 - +0.10%""","617478
"
"""EXPE""","""Expedia"," Inc.""",76.89,"""10/20/2014""","""2:54pm""","""+2.32 - +3.11%""","1585759
"
"""F""","""Ford Motor Compan""",14.111,"""10/20/2014""","""2:54pm""","""+0.091 - +0.65%""","13926406
"
"""FAST""","""Fastenal Company""",41.25,"""10/20/2014""","""2:54pm""","""+0.16 - +0.39%""","990952
"
"""FB""","""Facebook"," Inc.""",76.74,"""10/20/2014""","""2:54pm""","""+0.79 - +1.04%""","27156560
"
"""FCX""","""Freeport-McMoRan","""",30.69,"""10/20/2014""","""2:54pm""","""+0.35 - +1.15%""","6087050
"
"""FDO""","""Family Dollar Sto""",76.96,"""10/20/2014""","""2:54pm""","""+0.19 - +0.25%""","839976
"
"""FDX""","""FedEx Corporation""",155.10,"""10/20/2014""","""2:54pm""","""-1.02 - -0.65%""","1274873
"
"""FE""","""FirstEnergy Corpo""",34.935,"""10/20/2014""","""2:53pm""","""+0.195 - +0.56%""","1999358
"
"""FFIV""","""F5 Networks"," Inc.""",112.10,"""10/20/2014""","""2:53pm""","""-1.60 - -1.41%""","854115
"
"""FIS""","""Fidelity National""",53.59,"""10/20/2014""","""2:54pm""","""+0.18 - +0.34%""","761293
"
"""FISV""","""Fiserv"," Inc.""",62.74,"""10/20/2014""","""2:54pm""","""-0.03 - -0.05%""","597432
"
"""FITB""","""Fifth Third Banco""",18.30,"""10/20/2014""","""2:54pm""","""+0.17 - +0.94%""","5952888
"
"""FLIR""","""FLIR Systems"," Inc""",29.00,"""10/20/2014""","""2:54pm""","""-0.05 - -0.17%""","570150
"
"""FLR""","""Fluor Corporation""",62.20,"""10/20/2014""","""2:54pm""","""-0.05 - -0.08%""","706399
"
"""FLS""","""Flowserve Corpora""",64.43,"""10/20/2014""","""2:54pm""","""-0.53 - -0.82%""","807944
"
"""FMC""","""FMC Corporation C""",56.6799,"""10/20/2014""","""2:54pm""","""+0.1899 - +0.34%""","829058
"
"""FOSL""","""Fossil Group"," Inc""",97.69,"""10/20/2014""","""2:54pm""","""+0.70 - +0.72%""","396436
"
"""FOXA""","""Twenty-First Cent""",33.14,"""10/20/2014""","""2:54pm""","""+0.44 - +1.35%""","10359050
"
"""FSLR""","""First Solar"," Inc.""",54.25,"""10/20/2014""","""2:54pm""","""+1.02 - +1.92%""","1464455
"
"""FTI""","""FMC Technologies","""",50.83,"""10/20/2014""","""2:54pm""","""+0.57 - +1.13%""","1052121
"
"""FTR""","""Frontier Communic""",6.105,"""10/20/2014""","""2:54pm""","""+0.025 - +0.41%""","2294524
"
"""GAS""","""AGL Resources"," In""",52.60,"""10/20/2014""","""2:54pm""","""+0.51 - +0.98%""","547610
"
"""GCI""","""Gannett Co."," Inc.""",29.10,"""10/20/2014""","""2:54pm""","""+1.41 - +5.09%""","2890225
"
"""GD""","""General Dynamics """,120.85,"""10/20/2014""","""2:54pm""","""-0.02 - -0.02%""","795211
"
"""GE""","""General Electric """,24.9201,"""10/20/2014""","""2:54pm""","""+0.1001 - +0.40%""","22520668
"
"""GGP""","""General Growth Pr""",24.325,"""10/20/2014""","""2:54pm""","""+0.175 - +0.72%""","1534727
"
"""GILD""","""Gilead Sciences"," """,102.05,"""10/20/2014""","""2:54pm""","""+1.30 - +1.29%""","8795464
"
"""GIS""","""General Mills"," In""",49.81,"""10/20/2014""","""2:54pm""","""+0.52 - +1.05%""","1618055
"
"""GLW""","""Corning Incorpora""",18.03,"""10/20/2014""","""2:54pm""","""+0.28 - +1.58%""","3809304
"
"""GM""","""General Motors Co""",30.32,"""10/20/2014""","""2:54pm""","""+0.08 - +0.26%""","5949092
"
"""GMCR""","""Keurig Green Moun""",143.11,"""10/20/2014""","""2:54pm""","""+5.40 - +3.92%""","1366936
"
"""GME""","""Gamestop Corporat""",40.725,"""10/20/2014""","""2:54pm""","""+0.865 - +2.17%""","1808194
"
"""GNW""","""Genworth Financia""",12.72,"""10/20/2014""","""2:54pm""","""+0.02 - +0.16%""","2089529
"
"""GOOG""","""Google Inc.""",518.3906,"""10/20/2014""","""2:54pm""","""+7.2206 - +1.41%""","2020432
"
"""GOOGL""","""Google Inc.""",530.17,"""10/20/2014""","""2:54pm""","""+7.20 - +1.38%""","2186348
"
"""GPC""","""Genuine Parts Com""",89.02,"""10/20/2014""","""2:54pm""","""+0.47 - +0.53%""","525869
"
"""GPS""","""Gap"," Inc. (The) C""",36.195,"""10/20/2014""","""2:54pm""","""+0.455 - +1.27%""","2227798
"
"""GRMN""","""Garmin Ltd.""",52.62,"""10/20/2014""","""2:54pm""","""+0.38 - +0.73%""","434117
"
"""GS""","""Goldman Sachs Gro""",177.38,"""10/20/2014""","""2:54pm""","""+0.47 - +0.27%""","1621519
"
"""GT""","""The Goodyear Tire""",20.37,"""10/20/2014""","""2:54pm""","""+0.16 - +0.79%""","2467230
"
"""GWW""","""W.W. Grainger"," In""",230.575,"""10/20/2014""","""2:54pm""","""-1.325 - -0.57%""","571882
"
"""HAL""","""Halliburton Compa""",53.20,"""10/20/2014""","""2:55pm""","""+0.60 - +1.14%""","14299868
"
"""HAR""","""Harman Internatio""",92.51,"""10/20/2014""","""2:54pm""","""-0.52 - -0.56%""","349105
"
"""HAS""","""Hasbro"," Inc.""",56.79,"""10/20/2014""","""2:55pm""","""+2.94 - +5.46%""","2144417
"
"""HBAN""","""Huntington Bancsh""",9.13,"""10/20/2014""","""2:55pm""","""0.00 - 0.00%""","7319402
"
"""HCBK""","""Hudson City Banco""",8.85,"""10/20/2014""","""2:55pm""","""-0.03 - -0.34%""","2019506
"
"""HCN""","""Health Care REIT","""",67.75,"""10/20/2014""","""2:55pm""","""+0.75 - +1.12%""","1121301
"
"""HCP""","""HCP"," Inc. Common """,42.82,"""10/20/2014""","""2:55pm""","""+0.32 - +0.75%""","942913
"
"""HD""","""Home Depot"," Inc. """,91.85,"""10/20/2014""","""2:55pm""","""+1.61 - +1.78%""","3296943
"
"""HES""","""Hess Corporation """,80.03,"""10/20/2014""","""2:55pm""","""+1.42 - +1.81%""","1753434
"
"""HIG""","""Hartford Financia""",36.41,"""10/20/2014""","""2:54pm""","""+0.32 - +0.89%""","3717603
"
"""HOG""","""Harley-Davidson"," """,58.24,"""10/20/2014""","""2:55pm""","""-0.39 - -0.67%""","2116379
"
"""HON""","""Honeywell Interna""",89.62,"""10/20/2014""","""2:55pm""","""-0.44 - -0.49%""","3233823
"
"""HOT""","""Starwood Hotels &""",77.05,"""10/20/2014""","""2:55pm""","""+1.55 - +2.05%""","1504586
"
"""HP""","""Helmerich & Payne""",87.34,"""10/20/2014""","""2:55pm""","""+2.66 - +3.14%""","1058072
"
"""HPQ""","""Hewlett-Packard C""",33.59,"""10/20/2014""","""2:55pm""","""-0.57 - -1.67%""","9030865
"
"""HRB""","""H&R Block"," Inc. C""",30.12,"""10/20/2014""","""2:55pm""","""+0.21 - +0.70%""","3818582
"
"""HRL""","""Hormel Foods Corp""",51.35,"""10/20/2014""","""2:55pm""","""+1.18 - +2.35%""","336291
"
"""HRS""","""Harris Corporatio""",64.80,"""10/20/2014""","""2:55pm""","""+0.57 - +0.89%""","390281
"
"""HSP""","""Hospira Inc""",49.85,"""10/20/2014""","""2:55pm""","""-0.22 - -0.44%""","637241
"
"""HST""","""Host Hotels & Res""",21.83,"""10/20/2014""","""2:55pm""","""+0.35 - +1.63%""","7602952
"
"""HSY""","""The Hershey Compa""",93.08,"""10/20/2014""","""2:55pm""","""+1.07 - +1.16%""","375407
"
"""HUM""","""Humana Inc. Commo""",129.53,"""10/20/2014""","""2:55pm""","""+1.30 - +1.01%""","503304
"
"""IBM""","""International Bus""",168.48,"""10/20/2014""","""2:55pm""","""-13.57 - -7.45%""","19640200
"
"""ICE""","""Intercontinental """,199.05,"""10/20/2014""","""2:55pm""","""+2.44 - +1.24%""","386188
"
"""IFF""","""Internationa Flav""",96.2099,"""10/20/2014""","""2:55pm""","""+0.7999 - +0.84%""","204485
"
"""INTC""","""Intel Corporation""",31.615,"""10/20/2014""","""2:55pm""","""+0.235 - +0.75%""","19466214
"
"""INTU""","""Intuit Inc.""",80.85,"""10/20/2014""","""2:55pm""","""-0.18 - -0.22%""","683450
"
"""IP""","""International Pap""",48.235,"""10/20/2014""","""2:55pm""","""+1.575 - +3.38%""","2117700
"
"""IPG""","""Interpublic Group""",17.49,"""10/20/2014""","""2:55pm""","""+0.02 - +0.11%""","1575749
"
"""IR""","""Ingersoll-Rand pl""",57.01,"""10/20/2014""","""2:55pm""","""+0.53 - +0.94%""","1840201
"
"""IRM""","""Iron Mountain Inc""",32.98,"""10/20/2014""","""2:55pm""","""+0.61 - +1.88%""","1017810
"
"""ISRG""","""Intuitive Surgica""",481.58,"""10/20/2014""","""2:53pm""","""+11.34 - +2.41%""","311255
"
"""ITW""","""Illinois Tool Wor""",83.24,"""10/20/2014""","""2:55pm""","""-0.15 - -0.18%""","1310854
"
"""IVZ""","""Invesco Plc New C""",36.60,"""10/20/2014""","""2:55pm""","""-0.09 - -0.25%""","1572934
"
"""JBL""","""Jabil Circuit"," In""",18.54,"""10/20/2014""","""2:55pm""","""+0.05 - +0.27%""","1493565
"
"""JCI""","""Johnson Controls","""",40.5255,"""10/20/2014""","""2:55pm""","""-0.3945 - -0.96%""","2339153
"
"""JEC""","""Jacobs Engineerin""",45.39,"""10/20/2014""","""2:55pm""","""-0.57 - -1.24%""","834025
"
"""JNJ""","""Johnson & Johnson""",98.58,"""10/20/2014""","""2:55pm""","""-0.12 - -0.12%""","4752725
"
"""JNPR""","""Juniper Networks","""",19.81,"""10/20/2014""","""2:55pm""","""+0.33 - +1.69%""","3360250
"
"""JOY""","""Joy Global Inc. C""",50.97,"""10/20/2014""","""2:55pm""","""-1.20 - -2.30%""","739062
"
"""JPM""","""JP Morgan Chase &""",56.535,"""10/20/2014""","""2:56pm""","""+0.335 - +0.60%""","6499532
"
"""JWN""","""Nordstrom"," Inc. C""",69.86,"""10/20/2014""","""2:55pm""","""+0.88 - +1.28%""","716445
"
"""K""","""Kellogg Company C""",61.505,"""10/20/2014""","""2:55pm""","""+0.585 - +0.96%""","1555476
"
"""KEY""","""KeyCorp Common St""",12.485,"""10/20/2014""","""2:56pm""","""+0.135 - +1.09%""","6435699
"
"""KIM""","""Kimco Realty Corp""",23.04,"""10/20/2014""","""2:55pm""","""+0.23 - +1.01%""","1404486
"
"""KLAC""","""KLA-Tencor Corpor""",69.40,"""10/20/2014""","""2:56pm""","""+0.96 - +1.40%""","656739
"
"""KMB""","""Kimberly-Clark Co""",107.82,"""10/20/2014""","""2:56pm""","""+1.56 - +1.47%""","1029694
"
"""KMI""","""Kinder Morgan"," In""",37.44,"""10/20/2014""","""2:56pm""","""+0.63 - +1.71%""","6495978
"
"""KMX""","""CarMax Inc""",46.94,"""10/20/2014""","""2:55pm""","""+0.23 - +0.49%""","1103382
"
"""KO""","""Coca-Cola Company""",43.21,"""10/20/2014""","""2:56pm""","""+0.33 - +0.77%""","10941952
"
"""KORS""","""Michael Kors Hold""",73.18,"""10/20/2014""","""2:56pm""","""+1.67 - +2.34%""","1521501
"
"""KR""","""Kroger Company (T""",52.665,"""10/20/2014""","""2:56pm""","""+1.015 - +1.97%""","1917206
"
"""KRFT""","""Kraft Foods Group""",55.75,"""10/20/2014""","""2:56pm""","""+0.76 - +1.38%""","1552445
"
"""KSS""","""Kohl's Corporatio""",57.25,"""10/20/2014""","""2:56pm""","""+0.71 - +1.26%""","1734765
"
"""KSU""","""Kansas City South""",116.45,"""10/20/2014""","""2:56pm""","""+0.66 - +0.57%""","703024
"
"""L""","""Loews Corporation""",41.2999,"""10/20/2014""","""2:56pm""","""+0.1499 - +0.36%""","543758
"
"""LB""","""L Brands"," Inc.""",69.05,"""10/20/2014""","""2:56pm""","""+1.75 - +2.60%""","1072415
"
"""LEG""","""Leggett & Platt"," """,34.8135,"""10/20/2014""","""2:56pm""","""+0.4135 - +1.20%""","609847
"
"""LEN""","""Lennar Corporatio""",42.80,"""10/20/2014""","""2:56pm""","""+1.34 - +3.23%""","3504131
"
"""LH""","""Laboratory Corpor""",98.785,"""10/20/2014""","""2:55pm""","""+0.115 - +0.12%""","242216
"
"""LLL""","""L-3 Communication""",109.23,"""10/20/2014""","""2:56pm""","""-1.40 - -1.27%""","933152
"
"""LLTC""","""Linear Technology""",39.40,"""10/20/2014""","""2:56pm""","""+0.31 - +0.79%""","1968228
"
"""LLY""","""Eli Lilly and Com""",62.92,"""10/20/2014""","""2:56pm""","""+0.34 - +0.54%""","1758680
"
"""LM""","""Legg Mason"," Inc. """,49.145,"""10/20/2014""","""2:56pm""","""+0.115 - +0.23%""","419234
"
"""LMT""","""Lockheed Martin C""",174.62,"""10/20/2014""","""2:56pm""","""-1.62 - -0.92%""","1361868
"
"""LNC""","""Lincoln National """,48.17,"""10/20/2014""","""2:56pm""","""+0.01 - +0.02%""","1203880
"
"""LO""","""Lorillard"," Inc Co""",59.52,"""10/20/2014""","""2:56pm""","""+0.93 - +1.59%""","1474086
"
"""LOW""","""Lowe's Companies","""",53.50,"""10/20/2014""","""2:56pm""","""+1.22 - +2.33%""","3140467
"
"""LRCX""","""Lam Research Corp""",70.90,"""10/20/2014""","""2:56pm""","""+1.71 - +2.47%""","1202320
"
"""LUK""","""Leucadia National""",22.30,"""10/20/2014""","""2:56pm""","""-0.03 - -0.13%""","1932305
"
"""LUV""","""Southwest Airline""",32.695,"""10/20/2014""","""2:56pm""","""+1.645 - +5.30%""","10802543
"
"""LYB""","""LyondellBasell In""",91.93,"""10/20/2014""","""2:56pm""","""+2.30 - +2.57%""","3282786
"
"""M""","""Macy's Inc Common""",56.90,"""10/20/2014""","""2:56pm""","""+0.69 - +1.23%""","2500415
"
"""MA""","""Mastercard Incorp""",71.8699,"""10/20/2014""","""2:56pm""","""+0.3099 - +0.43%""","1918854
"
"""MAC""","""Macerich Company """,66.63,"""10/20/2014""","""2:56pm""","""+0.67 - +1.02%""","241193
"
"""MAR""","""Marriott Internat""",66.67,"""10/20/2014""","""2:56pm""","""+1.66 - +2.55%""","2661792
"
"""MAS""","""Masco Corporation""",22.21,"""10/20/2014""","""2:56pm""","""+0.54 - +2.49%""","3524553
"
"""MAT""","""Mattel"," Inc.""",29.48,"""10/20/2014""","""2:56pm""","""+0.70 - +2.43%""","4383294
"
"""MCD""","""McDonald's Corpor""",91.28,"""10/20/2014""","""2:56pm""","""+0.24 - +0.26%""","3210055
"
"""MCHP""","""Microchip Technol""",38.775,"""10/20/2014""","""2:56pm""","""+0.385 - +1.00%""","2305063
"
"""MCK""","""McKesson Corporat""",192.53,"""10/20/2014""","""2:56pm""","""+1.30 - +0.68%""","640571
"
"""MCO""","""Moody's Corporati""",91.44,"""10/20/2014""","""2:56pm""","""-0.08 - -0.09%""","584508
"
"""MDLZ""","""Mondelez Internat""",32.8977,"""10/20/2014""","""2:56pm""","""+0.2777 - +0.85%""","4844588
"
"""MDT""","""Medtronic Inc. Co""",63.765,"""10/20/2014""","""2:57pm""","""+1.775 - +2.86%""","8552191
"
"""MET""","""MetLife"," Inc. Com""",49.09,"""10/20/2014""","""2:57pm""","""+0.23 - +0.47%""","3366887
"
"""MHFI""","""McGraw Hill Finan""",80.00,"""10/20/2014""","""2:56pm""","""+0.45 - +0.57%""","962162
"
"""MHK""","""Mohawk Industries""",129.10,"""10/20/2014""","""2:57pm""","""+0.27 - +0.21%""","330189
"
"""MJN""","""Mead Johnson Nutr""",97.02,"""10/20/2014""","""2:57pm""","""-3.21 - -3.20%""","2126339
"
"""MKC""","""McCormick & Compa""",67.74,"""10/20/2014""","""2:57pm""","""+0.64 - +0.95%""","330473
"
"""MLM""","""Martin Marietta M""",119.02,"""10/20/2014""","""2:57pm""","""+1.31 - +1.11%""","648753
"
"""MMC""","""Marsh & McLennan """,50.50,"""10/20/2014""","""2:57pm""","""-0.13 - -0.26%""","942603
"
"""MMM""","""3M Company Common""",137.01,"""10/20/2014""","""2:57pm""","""-0.39 - -0.28%""","1818586
"
"""MNK""","""Mallinckrodt plc """,86.54,"""10/20/2014""","""2:57pm""","""-0.06 - -0.07%""","1108302
"
"""MNST""","""Monster Beverage """,94.80,"""10/20/2014""","""2:57pm""","""+2.69 - +2.92%""","600580
"
"""MO""","""Altria Group"," Inc""",46.42,"""10/20/2014""","""2:57pm""","""+0.76 - +1.66%""","3408692
"
"""MON""","""Monsanto Company """,112.62,"""10/20/2014""","""2:57pm""","""+1.34 - +1.20%""","2210518
"
"""MOS""","""Mosaic Company (T""",41.85,"""10/20/2014""","""2:57pm""","""+1.09 - +2.67%""","2320737
"
"""MPC""","""Marathon Petroleu""",81.06,"""10/20/2014""","""2:57pm""","""+1.81 - +2.28%""","1520222
"
"""MRK""","""Merck & Company"," """,54.05,"""10/20/2014""","""2:57pm""","""+0.03 - +0.06%""","8071208
"
"""MRO""","""Marathon Oil Corp""",34.19,"""10/20/2014""","""2:57pm""","""+0.26 - +0.77%""","3834741
"
"""MS""","""Morgan Stanley Co""",33.29,"""10/20/2014""","""2:57pm""","""+0.07 - +0.21%""","6217858
"
"""MSFT""","""Microsoft Corpora""",43.9953,"""10/20/2014""","""2:57pm""","""+0.3653 - +0.84%""","23599228
"
"""MSI""","""Motorola Solution""",60.945,"""10/20/2014""","""2:57pm""","""+0.155 - +0.25%""","982189
"
"""MTB""","""M&T Bank Corporat""",112.82,"""10/20/2014""","""2:57pm""","""-0.04 - -0.04%""","645145
"
"""MU""","""Micron Technology""",29.4401,"""10/20/2014""","""2:57pm""","""+0.6751 - +2.35%""","16952150
"
"""MUR""","""Murphy Oil Corpor""",51.40,"""10/20/2014""","""2:57pm""","""-0.06 - -0.12%""","1202791
"
"""MWV""","""Meadwestvaco Corp""",40.58,"""10/20/2014""","""2:57pm""","""+0.76 - +1.91%""","650177
"
"""MYL""","""Mylan Inc.""",50.10,"""10/20/2014""","""2:57pm""","""+0.64 - +1.29%""","4637565
"
"""NAVI""","""Navient Corporati""",18.645,"""10/20/2014""","""2:57pm""","""+0.035 - +0.19%""","1459253
"
"""NBL""","""Noble Energy Inc.""",57.31,"""10/20/2014""","""2:57pm""","""+0.72 - +1.27%""","1520458
"
"""NBR""","""Nabors Industries""",17.805,"""10/20/2014""","""2:57pm""","""+0.065 - +0.37%""","5631293
"
"""NDAQ""","""The NASDAQ OMX Gr""",40.60,"""10/20/2014""","""2:57pm""","""+0.44 - +1.10%""","390101
"
"""NE""","""Noble Corporation""",19.77,"""10/20/2014""","""2:57pm""","""+0.27 - +1.38%""","3584104
"
"""NEE""","""NextEra Energy"," I""",94.98,"""10/20/2014""","""2:57pm""","""+0.73 - +0.77%""","867471
"
"""NEM""","""Newmont Mining Co""",22.84,"""10/20/2014""","""2:57pm""","""+0.44 - +1.96%""","3265247
"
"""NFLX""","""Netflix"," Inc.""",362.46,"""10/20/2014""","""2:57pm""","""+5.37 - +1.50%""","4020712
"
"""NFX""","""Newfield Explorat""",28.105,"""10/20/2014""","""2:57pm""","""+1.005 - +3.71%""","2325398
"
"""NI""","""NiSource Inc Comm""",40.54,"""10/20/2014""","""2:57pm""","""+0.84 - +2.12%""","1262737
"
"""NKE""","""Nike"," Inc. Common""",88.78,"""10/20/2014""","""2:57pm""","""+1.60 - +1.84%""","2170855
"
"""NLSN""","""Nielsen N.V. Comm""",42.12,"""10/20/2014""","""2:57pm""","""+0.09 - +0.21%""","1159747
"
"""NOC""","""Northrop Grumman """,124.24,"""10/20/2014""","""2:57pm""","""-0.20 - -0.16%""","633000
"
"""NOV""","""National Oilwell """,70.805,"""10/20/2014""","""2:57pm""","""+0.365 - +0.52%""","2711340
"
"""NRG""","""NRG Energy"," Inc. """,28.41,"""10/20/2014""","""2:57pm""","""+0.20 - +0.71%""","1441577
"
"""NSC""","""Norfolk Southern """,106.75,"""10/20/2014""","""2:57pm""","""+0.21 - +0.20%""","1307273
"
"""NTAP""","""NetApp"," Inc.""",38.285,"""10/20/2014""","""2:57pm""","""-0.535 - -1.38%""","3634801
"
"""NTRS""","""Northern Trust Co""",63.57,"""10/20/2014""","""2:57pm""","""+0.27 - +0.43%""","703803
"
"""NU""","""Northeast Utiliti""",48.01,"""10/20/2014""","""2:58pm""","""+0.83 - +1.76%""","1412968
"
"""NUE""","""Nucor Corporation""",50.43,"""10/20/2014""","""2:58pm""","""+0.52 - +1.04%""","820275
"
"""NVDA""","""NVIDIA Corporatio""",17.58,"""10/20/2014""","""2:58pm""","""+0.16 - +0.92%""","3424291
"
"""NWL""","""Newell Rubbermaid""",33.55,"""10/20/2014""","""2:57pm""","""+0.22 - +0.66%""","522558
"
"""NWSA""","""News Corporation""",14.825,"""10/20/2014""","""2:57pm""","""+0.115 - +0.78%""","2924067
"
"""OI""","""Owens-Illinois"," I""",25.07,"""10/20/2014""","""2:58pm""","""-0.07 - -0.28%""","1027284
"
"""OKE""","""ONEOK"," Inc. Commo""",58.275,"""10/20/2014""","""2:58pm""","""+0.915 - +1.60%""","1038336
"
"""OMC""","""Omnicom Group Inc""",67.22,"""10/20/2014""","""2:58pm""","""+0.11 - +0.16%""","762004
"
"""ORCL""","""Oracle Corporatio""",37.63,"""10/20/2014""","""2:58pm""","""-0.24 - -0.63%""","12352327
"
"""ORLY""","""O'Reilly Automoti""",154.71,"""10/20/2014""","""2:58pm""","""+2.625 - +1.73%""","687877
"
"""OXY""","""Occidental Petrol""",88.35,"""10/20/2014""","""2:58pm""","""-0.01 - -0.01%""","2550868
"
"""PAYX""","""Paychex"," Inc.""",43.48,"""10/20/2014""","""2:58pm""","""-0.015 - -0.03%""","806594
"
"""PBCT""","""People's United F""",13.925,"""10/20/2014""","""2:58pm""","""+0.105 - +0.76%""","3004161
"
"""PBI""","""Pitney Bowes Inc.""",24.09,"""10/20/2014""","""2:58pm""","""+0.01 - +0.04%""","867873
"
"""PCAR""","""PACCAR Inc.""",57.70,"""10/20/2014""","""2:58pm""","""-0.70 - -1.20%""","1382494
"
"""PCG""","""Pacific Gas & Ele""",45.108,"""10/20/2014""","""2:58pm""","""+0.408 - +0.91%""","1644558
"
"""PCL""","""Plum Creek Timber""",40.74,"""10/20/2014""","""2:58pm""","""+0.38 - +0.94%""","436955
"
"""PCLN""","""The Priceline Gro""",1100.84,"""10/20/2014""","""2:57pm""","""+23.5699 - +2.19%""","441978
"
"""PCP""","""Precision Castpar""",225.96,"""10/20/2014""","""2:58pm""","""-0.36 - -0.16%""","589348
"
"""PDCO""","""Patterson Compani""",40.38,"""10/20/2014""","""2:56pm""","""-0.04 - -0.10%""","311074
"
"""PEG""","""Public Service En""",38.10,"""10/20/2014""","""2:58pm""","""+0.60 - +1.60%""","1185535
"
"""PEP""","""Pepsico"," Inc. Com""",93.51,"""10/20/2014""","""2:58pm""","""+2.00 - +2.19%""","4817179
"
"""PETM""","""PetSmart"," Inc""",67.82,"""10/20/2014""","""2:58pm""","""+1.05 - +1.57%""","507526
"
"""PFE""","""Pfizer"," Inc. Comm""",27.857,"""10/20/2014""","""2:58pm""","""+0.027 - +0.10%""","29094620
"
"""PFG""","""Principal Financi""",49.11,"""10/20/2014""","""2:58pm""","""-0.25 - -0.51%""","1144000
"
"""PG""","""Procter & Gamble """,84.15,"""10/20/2014""","""2:58pm""","""+0.88 - +1.06%""","5692730
"
"""PGR""","""Progressive Corpo""",24.80,"""10/20/2014""","""2:58pm""","""+0.04 - +0.16%""","1938981
"
"""PH""","""Parker-Hannifin C""",106.66,"""10/20/2014""","""2:58pm""","""+2.24 - +2.15%""","890256
"
"""PHM""","""PulteGroup"," Inc. """,18.775,"""10/20/2014""","""2:58pm""","""+0.545 - +2.99%""","5004502
"
"""PKI""","""PerkinElmer"," Inc.""",40.095,"""10/20/2014""","""2:58pm""","""+0.095 - +0.24%""","946445
"
"""PLD""","""ProLogis"," Inc. Co""",39.51,"""10/20/2014""","""2:58pm""","""+0.42 - +1.07%""","2007311
"
"""PLL""","""Pall Corporation """,83.06,"""10/20/2014""","""2:57pm""","""+0.91 - +1.11%""","386296
"
"""PM""","""Philip Morris Int""",86.99,"""10/20/2014""","""2:58pm""","""+0.99 - +1.15%""","3165874
"
"""PNC""","""PNC Financial Ser""",79.50,"""10/20/2014""","""2:58pm""","""-0.27 - -0.34%""","1639264
"
"""PNR""","""Pentair plc. Ordi""",64.0527,"""10/20/2014""","""2:58pm""","""+0.3127 - +0.49%""","1858335
"
"""PNW""","""Pinnacle West Cap""",58.4933,"""10/20/2014""","""2:58pm""","""+0.7733 - +1.34%""","539281
"
"""POM""","""PEPCO Holdings"," I""",26.88,"""10/20/2014""","""2:58pm""","""+0.22 - +0.83%""","1411886
"
"""PPG""","""PPG Industries"," I""",190.24,"""10/20/2014""","""2:58pm""","""+2.99 - +1.60%""","799924
"
"""PPL""","""PP&L Corporation """,33.86,"""10/20/2014""","""2:58pm""","""+0.51 - +1.53%""","2303936
"
"""PRGO""","""Perrigo Company p""",148.915,"""10/20/2014""","""2:58pm""","""+3.135 - +2.15%""","599539
"
"""PRU""","""Prudential Financ""",80.77,"""10/20/2014""","""2:58pm""","""-0.29 - -0.36%""","1473237
"
"""PSA""","""Public Storage Co""",172.61,"""10/20/2014""","""2:58pm""","""+1.09 - +0.64%""","286018
"
"""PSX""","""Phillips 66 Commo""",72.1201,"""10/20/2014""","""2:58pm""","""-0.0899 - -0.12%""","2479817
"
"""PVH""","""PVH Corp. Common """,111.65,"""10/20/2014""","""2:58pm""","""+0.90 - +0.81%""","518207
"
"""PWR""","""Quanta Services"," """,31.29,"""10/20/2014""","""2:58pm""","""-0.19 - -0.60%""","1002713
"
"""PX""","""Praxair"," Inc. Com""",125.3799,"""10/20/2014""","""2:58pm""","""+1.2699 - +1.02%""","676602
"
"""PXD""","""Pioneer Natural R""",179.9001,"""10/20/2014""","""2:58pm""","""+1.2201 - +0.68%""","985119
"
"""QCOM""","""QUALCOMM Incorpor""",73.03,"""10/20/2014""","""2:59pm""","""+0.60 - +0.83%""","3881374
"
"""QEP""","""QEP Resources"," In""",24.2445,"""10/20/2014""","""2:59pm""","""+1.0645 - +4.59%""","7544365
"
"""R""","""Ryder System"," Inc""",83.25,"""10/20/2014""","""2:58pm""","""-0.58 - -0.69%""","386362
"
"""RAI""","""Reynolds American""",59.32,"""10/20/2014""","""2:59pm""","""+0.84 - +1.44%""","1289414
"
"""REGN""","""Regeneron Pharmac""",365.32,"""10/20/2014""","""2:59pm""","""-4.32 - -1.17%""","884504
"
"""RF""","""Regions Financial""",9.165,"""10/20/2014""","""2:59pm""","""+0.065 - +0.71%""","12579118
"
"""RHI""","""Robert Half Inter""",46.71,"""10/20/2014""","""2:59pm""","""-0.36 - -0.76%""","913803
"
"""RHT""","""Red Hat"," Inc. Com""",56.22,"""10/20/2014""","""2:59pm""","""+0.53 - +0.95%""","870553
"
"""RIG""","""Transocean Ltd (S""",29.21,"""10/20/2014""","""2:59pm""","""+0.43 - +1.49%""","6577035
"
"""RL""","""Ralph Lauren Corp""",157.16,"""10/20/2014""","""2:59pm""","""+0.91 - +0.58%""","510246
"
"""ROK""","""Rockwell Automati""",104.86,"""10/20/2014""","""2:59pm""","""-0.31 - -0.29%""","531308
"
"""ROP""","""Roper Industries","""",144.32,"""10/20/2014""","""2:58pm""","""-0.15 - -0.10%""","268162
"
"""ROST""","""Ross Stores"," Inc.""",78.16,"""10/20/2014""","""2:59pm""","""+0.97 - +1.26%""","684947
"
"""RRC""","""Range Resources C""",65.902,"""10/20/2014""","""2:59pm""","""-1.418 - -2.11%""","1555902
"
"""RSG""","""Republic Services""",38.145,"""10/20/2014""","""2:59pm""","""-0.055 - -0.14%""","896836
"
"""RTN""","""Raytheon Company """,96.47,"""10/20/2014""","""2:59pm""","""-0.99 - -1.02%""","942798
"
"""SBUX""","""Starbucks Corpora""",74.51,"""10/20/2014""","""2:59pm""","""+0.97 - +1.32%""","2205083
"
"""SCG""","""SCANA Corporation""",52.08,"""10/20/2014""","""2:59pm""","""+0.73 - +1.42%""","562750
"
"""SCHW""","""Charles Schwab Co""",25.54,"""10/20/2014""","""2:59pm""","""-0.30 - -1.16%""","4712614
"
"""SE""","""Spectra Energy Co""",37.75,"""10/20/2014""","""2:59pm""","""-0.09 - -0.24%""","1384499
"
"""SEE""","""Sealed Air Corpor""",32.60,"""10/20/2014""","""2:59pm""","""+0.09 - +0.28%""","1403616
"
"""SHW""","""Sherwin-Williams """,219.61,"""10/20/2014""","""2:59pm""","""+2.60 - +1.20%""","351687
"
"""SIAL""","""Sigma-Aldrich Cor""",134.53,"""10/20/2014""","""2:59pm""","""+0.50 - +0.37%""","591631
"
"""SJM""","""J.M. Smucker Comp""",100.97,"""10/20/2014""","""2:59pm""","""+2.31 - +2.34%""","425442
"
"""SLB""","""Schlumberger N.V.""",94.4599,"""10/20/2014""","""2:59pm""","""+0.4899 - +0.52%""","5878832
"
"""SNA""","""Snap-On Incorpora""",124.20,"""10/20/2014""","""2:59pm""","""+1.85 - +1.51%""","385816
"
"""SNDK""","""SanDisk Corporati""",84.91,"""10/20/2014""","""2:59pm""","""+2.11 - +2.55%""","3680034
"
"""SNI""","""Scripps Networks """,73.42,"""10/20/2014""","""2:59pm""","""+0.74 - +1.02%""","390956
"
"""SO""","""Southern Company """,46.794,"""10/20/2014""","""2:59pm""","""+0.574 - +1.24%""","3894835
"
"""SPG""","""Simon Property Gr""",169.93,"""10/20/2014""","""2:59pm""","""+1.51 - +0.90%""","555732
"
"""SPLS""","""Staples"," Inc.""",12.32,"""10/20/2014""","""2:59pm""","""+0.40 - +3.36%""","3977447
"
"""SRCL""","""Stericycle"," Inc.""",118.46,"""10/20/2014""","""2:58pm""","""+0.13 - +0.11%""","250887
"
"""SRE""","""Sempra Energy Com""",104.40,"""10/20/2014""","""2:58pm""","""+1.04 - +1.01%""","536062
"
"""STI""","""SunTrust Banks"," I""",36.39,"""10/20/2014""","""2:59pm""","""+0.55 - +1.53%""","3490604
"
"""STJ""","""St. Jude Medical","""",58.69,"""10/20/2014""","""2:59pm""","""+0.41 - +0.70%""","1637974
"
"""STT""","""State Street Corp""",67.22,"""10/20/2014""","""2:59pm""","""-0.16 - -0.24%""","905820
"
"""STX""","""Seagate Technolog""",53.815,"""10/20/2014""","""2:59pm""","""+0.865 - +1.63%""","1615513
"
"""STZ""","""Constellation Bra""",84.81,"""10/20/2014""","""2:59pm""","""+0.76 - +0.90%""","886923
"
"""SWK""","""Stanley Black & D""",84.21,"""10/20/2014""","""2:59pm""","""+0.02 - +0.02%""","851928
"
"""SWN""","""Southwestern Ener""",32.24,"""10/20/2014""","""3:00pm""","""+0.25 - +0.78%""","6095447
"
"""SWY""","""Safeway Inc. Comm""",34.00,"""10/20/2014""","""3:00pm""","""+0.31 - +0.92%""","955688
"
"""SYK""","""Stryker Corporati""",80.62,"""10/20/2014""","""3:00pm""","""+0.34 - +0.42%""","926159
"
"""SYMC""","""Symantec Corporat""",22.3435,"""10/20/2014""","""3:00pm""","""+0.0235 - +0.11%""","2204455
"
"""SYY""","""Sysco Corporation""",36.94,"""10/20/2014""","""2:59pm""","""+0.44 - +1.21%""","3378655
"
"""T""","""AT&T Inc.""",34.193,"""10/20/2014""","""3:00pm""","""+0.113 - +0.33%""","10338146
"
"""TAP""","""Molson Coors Brew""",69.99,"""10/20/2014""","""3:00pm""","""+0.03 - +0.04%""","761245
"
"""TDC""","""Teradata Corporat""",40.695,"""10/20/2014""","""3:00pm""","""-1.595 - -3.77%""","1360384
"
"""TE""","""TECO Energy"," Inc.""",18.80,"""10/20/2014""","""3:00pm""","""+0.51 - +2.79%""","2307224
"
"""TEG""","""Integrys Energy G""",69.50,"""10/20/2014""","""3:00pm""","""+0.78 - +1.14%""","189238
"
"""TEL""","""TE Connectivity L""",53.20,"""10/20/2014""","""3:00pm""","""-0.24 - -0.45%""","1260001
"
"""TGT""","""Target Corporatio""",59.91,"""10/20/2014""","""3:00pm""","""+0.84 - +1.42%""","2883161
"
"""THC""","""Tenet Healthcare """,55.97,"""10/20/2014""","""3:00pm""","""-0.61 - -1.08%""","899187
"
"""TIF""","""Tiffany & Co. Com""",90.81,"""10/20/2014""","""3:00pm""","""+1.97 - +2.22%""","988664
"
"""TJX""","""TJX Companies"," In""",60.72,"""10/20/2014""","""3:00pm""","""+0.32 - +0.53%""","3733811
"
"""TMK""","""Torchmark Corpora""",51.52,"""10/20/2014""","""3:00pm""","""+0.21 - +0.41%""","374396
"
"""TMO""","""Thermo Fisher Sci""",113.89,"""10/20/2014""","""3:00pm""","""+1.53 - +1.36%""","1220165
"
"""TRIP""","""TripAdvisor"," Inc.""",83.59,"""10/20/2014""","""3:00pm""","""+2.54 - +3.13%""","1354978
"
"""TROW""","""T. Rowe Price Gro""",76.10,"""10/20/2014""","""3:00pm""","""-0.29 - -0.38%""","728762
"
"""TRV""","""The Travelers Com""",93.25,"""10/20/2014""","""3:00pm""","""+0.01 - +0.01%""","1353284
"
"""TSCO""","""Tractor Supply Co""",60.37,"""10/20/2014""","""3:00pm""","""+1.54 - +2.62%""","989256
"
"""TSN""","""Tyson Foods"," Inc.""",38.31,"""10/20/2014""","""3:00pm""","""+0.75 - +2.00%""","1611716
"
"""TSO""","""Tesoro Corporatio""",64.82,"""10/20/2014""","""3:00pm""","""+4.44 - +7.35%""","4810407
"
"""TSS""","""Total System Serv""",29.78,"""10/20/2014""","""3:00pm""","""+0.49 - +1.67%""","1026163
"
"""TWC""","""Time Warner Cable""",136.46,"""10/20/2014""","""3:00pm""","""+1.11 - +0.82%""","1267667
"
"""TWX""","""Time Warner Inc. """,77.87,"""10/20/2014""","""3:00pm""","""+2.02 - +2.66%""","3477213
"
"""TXN""","""Texas Instruments""",44.295,"""10/20/2014""","""3:00pm""","""+0.625 - +1.43%""","5825016
"
"""TXT""","""Textron Inc. Comm""",36.385,"""10/20/2014""","""3:00pm""","""-0.265 - -0.72%""","1963403
"
"""TYC""","""Tyco Internationa""",40.075,"""10/20/2014""","""3:00pm""","""-0.115 - -0.29%""","2078586
"
"""UA""","""Under Armour"," Inc""",65.10,"""10/20/2014""","""3:00pm""","""-0.03 - -0.05%""","1930226
"
"""UHS""","""Universal Health """,104.33,"""10/20/2014""","""3:00pm""","""+1.02 - +0.99%""","424789
"
"""UNH""","""UnitedHealth Grou""",88.44,"""10/20/2014""","""3:00pm""","""+0.26 - +0.29%""","3158045
"
"""UNM""","""Unum Group Common""",32.905,"""10/20/2014""","""3:00pm""","""+0.165 - +0.50%""","748048
"
"""UNP""","""Union Pacific Cor""",106.26,"""10/20/2014""","""3:00pm""","""-0.14 - -0.13%""","2462355
"
"""UPS""","""United Parcel Ser""",97.80,"""10/20/2014""","""3:00pm""","""+0.54 - +0.56%""","2005935
"
"""URBN""","""Urban Outfitters","""",30.3101,"""10/20/2014""","""3:00pm""","""+0.6901 - +2.33%""","2528276
"
"""URI""","""United Rentals"," I""",103.82,"""10/20/2014""","""3:00pm""","""+0.55 - +0.53%""","2078710
"
"""USB""","""U.S. Bancorp Comm""",39.35,"""10/20/2014""","""3:00pm""","""-0.05 - -0.13%""","3869936
"
"""UTX""","""United Technologi""",101.535,"""10/20/2014""","""3:01pm""","""+0.005 - +0.00%""","4222250
"
"""V""","""Visa Inc.""",207.94,"""10/20/2014""","""3:00pm""","""+1.94 - +0.94%""","1303258
"
"""VAR""","""Varian Medical Sy""",80.068,"""10/20/2014""","""3:01pm""","""+0.728 - +0.92%""","506292
"
"""VFC""","""V.F. Corporation """,63.96,"""10/20/2014""","""3:01pm""","""+0.20 - +0.31%""","2176766
"
"""VIAB""","""Viacom Inc.""",69.23,"""10/20/2014""","""3:00pm""","""-0.08 - -0.12%""","2101757
"
"""VLO""","""Valero Energy Cor""",46.34,"""10/20/2014""","""3:01pm""","""+1.19 - +2.64%""","4316001
"
"""VMC""","""Vulcan Materials """,59.43,"""10/20/2014""","""3:01pm""","""+0.34 - +0.58%""","497470
"
"""VNO""","""Vornado Realty Tr""",105.66,"""10/20/2014""","""3:01pm""","""+0.99 - +0.95%""","398676
"
"""VRSN""","""VeriSign"," Inc.""",55.05,"""10/20/2014""","""3:01pm""","""+0.81 - +1.49%""","321746
"
"""VRTX""","""Vertex Pharmaceut""",104.13,"""10/20/2014""","""3:01pm""","""+1.78 - +1.74%""","615506
"
"""VTR""","""Ventas"," Inc. Comm""",67.18,"""10/20/2014""","""3:01pm""","""+0.77 - +1.16%""","1550391
"
"""VZ""","""Verizon Communica""",48.42,"""10/20/2014""","""3:01pm""","""+0.35 - +0.73%""","8236786
"
"""WAG""","""Walgreen Co. Comm""",60.41,"""10/20/2014""","""3:01pm""","""+0.14 - +0.23%""","4369440
"
"""WAT""","""Waters Corporatio""",97.83,"""10/20/2014""","""3:01pm""","""+0.85 - +0.88%""","605680
"
"""WDC""","""Western Digital C""",87.96,"""10/20/2014""","""3:01pm""","""+1.12 - +1.29%""","1292882
"
"""WEC""","""Wisconsin Energy """,47.805,"""10/20/2014""","""3:01pm""","""+0.615 - +1.30%""","1630931
"
"""WFC""","""Wells Fargo & Com""",49.125,"""10/20/2014""","""3:01pm""","""+0.435 - +0.89%""","9580290
"
"""WFM""","""Whole Foods Marke""",37.24,"""10/20/2014""","""3:01pm""","""+0.30 - +0.81%""","2373759
"
"""WHR""","""Whirlpool Corpora""",153.20,"""10/20/2014""","""3:01pm""","""+3.16 - +2.11%""","735018
"
"""WIN""","""Windstream Holdin""",10.08,"""10/20/2014""","""3:01pm""","""0.00 - 0.00%""","3234682
"
"""WLP""","""WellPoint"," Inc. C""",116.32,"""10/20/2014""","""3:01pm""","""+1.33 - +1.16%""","734052
"
"""WM""","""Waste Management","""",46.59,"""10/20/2014""","""3:01pm""","""-0.13 - -0.28%""","1027390
"
"""WMB""","""Williams Companie""",53.29,"""10/20/2014""","""3:01pm""","""+1.19 - +2.28%""","4717913
"
"""WMT""","""Wal-Mart Stores"," """,75.10,"""10/20/2014""","""3:01pm""","""+1.00 - +1.35%""","4215148
"
"""WU""","""Western Union Com""",16.045,"""10/20/2014""","""3:01pm""","""+0.135 - +0.85%""","4234762
"
"""WY""","""Weyerhaeuser Comp""",33.205,"""10/20/2014""","""3:01pm""","""+0.215 - +0.65%""","1704263
"
"""WYN""","""Wyndham Worldwide""",76.94,"""10/20/2014""","""3:01pm""","""+0.70 - +0.92%""","781822
"
"""WYNN""","""Wynn Resorts"," Lim""",181.74,"""10/20/2014""","""3:01pm""","""-0.71 - -0.39%""","1195287
"
"""XEC""","""Cimarex Energy Co""",109.66,"""10/20/2014""","""3:01pm""","""+0.52 - +0.48%""","734807
"
"""XEL""","""Xcel Energy Inc. """,32.3201,"""10/20/2014""","""3:01pm""","""+0.4301 - +1.35%""","2606844
"
"""XL""","""XL Group plc""",32.38,"""10/20/2014""","""3:01pm""","""+0.14 - +0.43%""","593095
"
"""XLNX""","""Xilinx"," Inc.""",41.61,"""10/20/2014""","""3:01pm""","""+0.56 - +1.36%""","3389814
"
"""XOM""","""Exxon Mobil Corpo""",91.62,"""10/20/2014""","""3:01pm""","""+0.41 - +0.45%""","6692597
"
"""XRAY""","""DENTSPLY Internat""",44.71,"""10/20/2014""","""3:01pm""","""-0.59 - -1.30%""","750253
"
"""XRX""","""Xerox Corporation""",12.64,"""10/20/2014""","""3:01pm""","""-0.04 - -0.32%""","5887745
"
"""XYL""","""Xylem Inc. Common""",33.69,"""10/20/2014""","""3:01pm""","""-0.52 - -1.52%""","898008
"
"""YHOO""","""Yahoo! Inc.""",39.20,"""10/20/2014""","""3:01pm""","""+0.75 - +1.95%""","12944224
"
"""YUM""","""Yum! Brands"," Inc.""",69.17,"""10/20/2014""","""3:01pm""","""+0.80 - +1.17%""","954619
"
"""ZION""","""Zions Bancorporat""",26.16,"""10/20/2014""","""3:01pm""","""-0.17 - -0.65%""","2121004
"
"""ZMH""","""Zimmer Holdings"," """,98.96,"""10/20/2014""","""3:01pm""","""+1.44 - +1.48%""","589989
"
"""ZTS""","""Zoetis Inc. Class""",35.425,"""10/20/2014""","""3:01pm""","""+0.055 - +0.16%""","1738547
"
