"""A""","""Agilent Technolog""",41.50,"""11/12/2014""","""3:53pm""","""-0.16 - -0.38%""","2126018
"
"""AA""","""Alcoa Inc. Common""",16.875,"""11/12/2014""","""3:53pm""","""+0.425 - +2.58%""","14119723
"
"""AAPL""","""Apple Inc.""",111.24,"""11/12/2014""","""3:53pm""","""+1.54 - +1.40%""","40196172
"
"""ABBV""","""AbbVie Inc. Commo""",63.715,"""11/12/2014""","""3:53pm""","""-0.135 - -0.21%""","4101133
"
"""ABC""","""AmerisourceBergen""",88.57,"""11/12/2014""","""3:53pm""","""+0.64 - +0.73%""","941658
"
"""ABT""","""Abbott Laboratori""",44.2035,"""11/12/2014""","""3:53pm""","""-0.0465 - -0.11%""","2736006
"
"""ACE""","""Ace Limited Commo""",110.75,"""11/12/2014""","""3:53pm""","""-0.27 - -0.24%""","776555
"
"""ACN""","""Accenture plc. Cl""",84.17,"""11/12/2014""","""3:53pm""","""+0.23 - +0.27%""","1510226
"
"""ACT""","""Actavis plc Ordin""",241.24,"""11/12/2014""","""3:53pm""","""-2.39 - -0.98%""","2758028
"
"""ADBE""","""Adobe Systems Inc""",71.45,"""11/12/2014""","""3:53pm""","""-0.25 - -0.35%""","1389819
"
"""ADI""","""Analog Devices"," I""",50.27,"""11/12/2014""","""3:53pm""","""+0.13 - +0.26%""","985840
"
"""ADM""","""Archer-Daniels-Mi""",50.725,"""11/12/2014""","""3:53pm""","""-0.395 - -0.77%""","1863263
"
"""ADP""","""Automatic Data Pr""",85.22,"""11/12/2014""","""3:53pm""","""+0.27 - +0.32%""","1280572
"
"""ADS""","""Alliance Data Sys""",283.41,"""11/12/2014""","""3:53pm""","""-0.87 - -0.31%""","286530
"
"""ADSK""","""Autodesk"," Inc.""",59.00,"""11/12/2014""","""3:53pm""","""+0.01 - +0.02%""","1478709
"
"""ADT""","""ADT Corporation C""",36.82,"""11/12/2014""","""3:54pm""","""+1.17 - +3.28%""","4366455
"
"""AEE""","""Ameren Corporatio""",42.625,"""11/12/2014""","""3:54pm""","""-0.685 - -1.58%""","1566099
"
"""AEP""","""American Electric""",56.88,"""11/12/2014""","""3:54pm""","""-1.06 - -1.83%""","2765583
"
"""AES""","""The AES Corporati""",13.425,"""11/12/2014""","""3:54pm""","""-0.065 - -0.48%""","11051722
"
"""AET""","""Aetna Inc. Common""",84.52,"""11/12/2014""","""3:54pm""","""+0.02 - +0.02%""","1498256
"
"""AFL""","""AFLAC Incorporate""",59.19,"""11/12/2014""","""3:54pm""","""+0.15 - +0.25%""","1420445
"
"""AGN""","""Allergan"," Inc. Co""",195.90,"""11/12/2014""","""3:54pm""","""+0.56 - +0.29%""","3561602
"
"""AIG""","""American Internat""",54.34,"""11/12/2014""","""3:54pm""","""-0.02 - -0.04%""","4610837
"
"""AIV""","""Apartment Investm""",36.09,"""11/12/2014""","""3:54pm""","""-0.17 - -0.47%""","830112
"
"""AIZ""","""Assurant"," Inc. Co""",68.19,"""11/12/2014""","""3:54pm""","""+0.38 - +0.56%""","480996
"
"""AKAM""","""Akamai Technologi""",60.76,"""11/12/2014""","""3:54pm""","""-0.29 - -0.48%""","637676
"
"""ALL""","""Allstate Corporat""",67.17,"""11/12/2014""","""3:54pm""","""+0.54 - +0.81%""","1613968
"
"""ALLE""","""Allegion plc Ordi""",52.50,"""11/12/2014""","""3:54pm""","""-0.02 - -0.04%""","493486
"
"""ALTR""","""Altera Corporatio""",34.94,"""11/12/2014""","""3:54pm""","""-0.08 - -0.23%""","1179235
"
"""ALXN""","""Alexion Pharmaceu""",193.90,"""11/12/2014""","""3:54pm""","""-1.02 - -0.52%""","470060
"
"""AMAT""","""Applied Materials""",22.49,"""11/12/2014""","""3:54pm""","""-0.05 - -0.22%""","8331702
"
"""AME""","""AMETEK"," Inc.""",52.20,"""11/12/2014""","""3:54pm""","""-0.11 - -0.21%""","1693438
"
"""AMG""","""Affiliated Manage""",200.15,"""11/12/2014""","""3:54pm""","""+1.08 - +0.54%""","343467
"
"""AMGN""","""Amgen Inc.""",161.97,"""11/12/2014""","""3:54pm""","""-0.45 - -0.28%""","1985393
"
"""AMP""","""Ameriprise Financ""",130.25,"""11/12/2014""","""3:54pm""","""-0.11 - -0.08%""","533895
"
"""AMT""","""American Tower Co""",99.71,"""11/12/2014""","""3:54pm""","""+0.21 - +0.21%""","1496458
"
"""AMZN""","""Amazon.com"," Inc.""",311.61,"""11/12/2014""","""3:54pm""","""-0.40 - -0.13%""","1893754
"
"""AN""","""AutoNation"," Inc. """,57.89,"""11/12/2014""","""3:54pm""","""+0.02 - +0.03%""","493570
"
"""AON""","""Aon plc Class A O""",90.38,"""11/12/2014""","""3:54pm""","""+0.20 - +0.22%""","721166
"
"""APA""","""Apache Corporatio""",73.67,"""11/12/2014""","""3:54pm""","""-1.74 - -2.31%""","2355733
"
"""APC""","""Anadarko Petroleu""",91.29,"""11/12/2014""","""3:54pm""","""-1.72 - -1.85%""","4317872
"
"""APD""","""Air Products and """,134.74,"""11/12/2014""","""3:54pm""","""-0.18 - -0.13%""","734282
"
"""APH""","""Amphenol Corporat""",51.235,"""11/12/2014""","""3:54pm""","""+0.425 - +0.84%""","583674
"
"""ARG""","""Airgas"," Inc. Comm""",114.35,"""11/12/2014""","""3:54pm""","""+0.04 - +0.03%""","138223
"
"""ATI""","""Allegheny Technol""",32.355,"""11/12/2014""","""3:54pm""","""+0.265 - +0.83%""","672912
"
"""AVB""","""AvalonBay Communi""",156.75,"""11/12/2014""","""3:54pm""","""-1.47 - -0.93%""","493394
"
"""AVGO""","""Avago Technologie""",87.11,"""11/12/2014""","""3:54pm""","""+0.95 - +1.10%""","863244
"
"""AVP""","""Avon Products"," In""",10.57,"""11/12/2014""","""3:54pm""","""+0.11 - +1.05%""","5549823
"
"""AVY""","""Avery Dennison Co""",48.11,"""11/12/2014""","""3:54pm""","""+0.15 - +0.31%""","287850
"
"""AXP""","""American Express """,91.54,"""11/12/2014""","""3:54pm""","""-0.20 - -0.22%""","3420273
"
"""AZO""","""AutoZone"," Inc. Co""",569.25,"""11/12/2014""","""3:54pm""","""-1.62 - -0.28%""","144434
"
"""BA""","""Boeing Company (T""",125.92,"""11/12/2014""","""3:54pm""","""+0.56 - +0.45%""","2794430
"
"""BAC""","""Bank of America C""",17.27,"""11/12/2014""","""3:54pm""","""-0.05 - -0.29%""","43187840
"
"""BAX""","""Baxter Internatio""",71.32,"""11/12/2014""","""3:54pm""","""+0.56 - +0.79%""","1868676
"
"""BBBY""","""Bed Bath & Beyond""",71.26,"""11/12/2014""","""3:54pm""","""+1.28 - +1.83%""","1510188
"
"""BBT""","""BB&T Corporation """,37.69,"""11/12/2014""","""3:54pm""","""-0.64 - -1.67%""","6369537
"
"""BBY""","""Best Buy Co."," Inc""",35.20,"""11/12/2014""","""3:54pm""","""+0.37 - +1.06%""","3067684
"
"""BCR""","""C.R. Bard"," Inc. C""",165.15,"""11/12/2014""","""3:55pm""","""+0.88 - +0.54%""","209890
"
"""BDX""","""Becton"," Dickinson""",129.32,"""11/12/2014""","""3:55pm""","""+0.56 - +0.43%""","849994
"
"""BEN""","""Franklin Resource""",56.97,"""11/12/2014""","""3:55pm""","""-0.02 - -0.04%""","660565
"
"""BF.B""","""BF.B""",0.00,"""N/A""","""N/A""","""N/A - N/A""","N/A
"
"""BHI""","""Baker Hughes Inco""",50.995,"""11/12/2014""","""3:55pm""","""-0.485 - -0.94%""","3768411
"
"""BIIB""","""Biogen Idec Inc.""",321.22,"""11/12/2014""","""3:55pm""","""-3.37 - -1.04%""","592003
"
"""BK""","""Bank of New York """,39.76,"""11/12/2014""","""3:55pm""","""+0.31 - +0.79%""","3119479
"
"""BLK""","""BlackRock"," Inc. C""",349.96,"""11/12/2014""","""3:55pm""","""-1.23 - -0.35%""","298882
"
"""BLL""","""Ball Corporation """,65.53,"""11/12/2014""","""3:55pm""","""-0.36 - -0.55%""","619408
"
"""BMS""","""Bemis Company"," In""",39.06,"""11/12/2014""","""3:55pm""","""-0.04 - -0.10%""","475832
"
"""BMY""","""Bristol-Myers Squ""",58.62,"""11/12/2014""","""3:55pm""","""-0.10 - -0.17%""","2814148
"
"""BRCM""","""Broadcom Corporat""",41.155,"""11/12/2014""","""3:55pm""","""-0.055 - -0.13%""","2765647
"
"""BRK.B""","""BRK.B""",0.00,"""N/A""","""N/A""","""N/A - N/A""","N/A
"
"""BSX""","""Boston Scientific""",13.41,"""11/12/2014""","""3:55pm""","""0.00 - 0.00%""","14421695
"
"""BWA""","""BorgWarner Inc. C""",55.25,"""11/12/2014""","""3:55pm""","""-0.25 - -0.45%""","3356417
"
"""BXP""","""Boston Properties""",126.785,"""11/12/2014""","""3:55pm""","""-0.855 - -0.67%""","633979
"
"""C""","""Citigroup"," Inc. C""",53.46,"""11/12/2014""","""3:55pm""","""-0.35 - -0.65%""","8984517
"
"""CA""","""CA Inc.""",29.62,"""11/12/2014""","""3:55pm""","""+0.04 - +0.14%""","1309075
"
"""CAG""","""ConAgra Foods"," In""",34.6499,"""11/12/2014""","""3:55pm""","""+0.4499 - +1.32%""","2427659
"
"""CAH""","""Cardinal Health"," """,80.279,"""11/12/2014""","""3:55pm""","""+0.679 - +0.85%""","2387969
"
"""CAM""","""Cameron Internati""",58.67,"""11/12/2014""","""3:55pm""","""-0.30 - -0.51%""","1403160
"
"""CAT""","""Caterpillar"," Inc.""",103.02,"""11/12/2014""","""3:55pm""","""+0.49 - +0.48%""","2510894
"
"""CB""","""Chubb Corporation""",101.51,"""11/12/2014""","""3:55pm""","""+0.02 - +0.02%""","493749
"
"""CBG""","""CBRE Group Inc Co""",32.72,"""11/12/2014""","""3:55pm""","""+0.08 - +0.25%""","1368919
"
"""CBS""","""CBS Corporation C""",51.61,"""11/12/2014""","""3:55pm""","""-0.23 - -0.44%""","5940981
"
"""CCE""","""Coca-Cola Enterpr""",42.86,"""11/12/2014""","""3:55pm""","""+0.31 - +0.73%""","1187910
"
"""CCI""","""Crown Castle Inte""",80.51,"""11/12/2014""","""3:55pm""","""+0.90 - +1.13%""","4459270
"
"""CCL""","""Carnival Corporat""",40.43,"""11/12/2014""","""3:55pm""","""-0.20 - -0.49%""","2580535
"
"""CELG""","""Celgene Corporati""",108.19,"""11/12/2014""","""3:55pm""","""+0.34 - +0.32%""","2859478
"
"""CERN""","""Cerner Corporatio""",63.825,"""11/12/2014""","""3:55pm""","""+0.765 - +1.21%""","898359
"
"""CF""","""CF Industries Hol""",266.49,"""11/12/2014""","""3:55pm""","""+1.18 - +0.44%""","618735
"
"""CFN""","""CareFusion Corpor""",57.56,"""11/12/2014""","""3:55pm""","""+0.08 - +0.14%""","871191
"
"""CHK""","""Chesapeake Energy""",23.41,"""11/12/2014""","""3:55pm""","""-0.02 - -0.09%""","10173426
"
"""CHRW""","""C.H. Robinson Wor""",72.8599,"""11/12/2014""","""3:55pm""","""+1.1099 - +1.55%""","1284611
"
"""CI""","""Cigna Corporation""",102.13,"""11/12/2014""","""3:55pm""","""0.00 - 0.00%""","1328004
"
"""CINF""","""Cincinnati Financ""",51.295,"""11/12/2014""","""3:55pm""","""+0.115 - +0.22%""","272662
"
"""CL""","""Colgate-Palmolive""",68.745,"""11/12/2014""","""3:56pm""","""+0.275 - +0.40%""","1783631
"
"""CLX""","""Clorox Company (T""",101.55,"""11/12/2014""","""3:56pm""","""+0.20 - +0.20%""","707403
"
"""CMA""","""Comerica Incorpor""",49.07,"""11/12/2014""","""3:55pm""","""+0.55 - +1.13%""","1037313
"
"""CMCSA""","""Comcast Corporati""",53.54,"""11/12/2014""","""3:56pm""","""+0.58 - +1.10%""","26915868
"
"""CME""","""CME Group Inc.""",85.63,"""11/12/2014""","""3:56pm""","""-0.66 - -0.76%""","817995
"
"""CMG""","""Chipotle Mexican """,664.81,"""11/12/2014""","""3:55pm""","""+8.16 - +1.24%""","392267
"
"""CMI""","""Cummins Inc. Comm""",146.3403,"""11/12/2014""","""3:56pm""","""-0.2597 - -0.18%""","810061
"
"""CMS""","""CMS Energy Corpor""",32.49,"""11/12/2014""","""3:56pm""","""-0.77 - -2.32%""","2706277
"
"""CNP""","""CenterPoint Energ""",24.575,"""11/12/2014""","""3:56pm""","""-0.4875 - -1.95%""","4210165
"
"""CNX""","""CONSOL Energy Inc""",39.455,"""11/12/2014""","""3:56pm""","""+0.475 - +1.22%""","3389845
"
"""COF""","""Capital One Finan""",81.58,"""11/12/2014""","""3:56pm""","""-0.60 - -0.73%""","2060587
"
"""COG""","""Cabot Oil & Gas C""",33.48,"""11/12/2014""","""3:56pm""","""-0.11 - -0.33%""","3709123
"
"""COH""","""Coach"," Inc. Commo""",35.16,"""11/12/2014""","""3:56pm""","""+0.87 - +2.54%""","3168845
"
"""COL""","""Rockwell Collins","""",85.24,"""11/12/2014""","""3:56pm""","""+0.08 - +0.09%""","329019
"
"""COP""","""ConocoPhillips Co""",71.24,"""11/12/2014""","""3:56pm""","""-0.51 - -0.71%""","5134743
"
"""COST""","""Costco Wholesale """,137.04,"""11/12/2014""","""3:56pm""","""-0.01 - -0.01%""","1524813
"
"""COV""","""Covidien plc. Ord""",92.86,"""11/12/2014""","""3:56pm""","""-0.85 - -0.91%""","1857515
"
"""CPB""","""Campbell Soup Com""",43.875,"""11/12/2014""","""3:56pm""","""-0.515 - -1.16%""","1763875
"
"""CRM""","""Salesforce.com In""",63.77,"""11/12/2014""","""3:56pm""","""-0.29 - -0.45%""","2064179
"
"""CSC""","""Computer Sciences""",61.315,"""11/12/2014""","""3:56pm""","""+1.115 - +1.85%""","1388125
"
"""CSCO""","""Cisco Systems"," In""",25.09,"""11/12/2014""","""3:56pm""","""-0.06 - -0.24%""","34274932
"
"""CSX""","""CSX Corporation C""",36.775,"""11/12/2014""","""3:56pm""","""+0.065 - +0.18%""","6626723
"
"""CTAS""","""Cintas Corporatio""",71.35,"""11/12/2014""","""3:56pm""","""+0.25 - +0.35%""","371828
"
"""CTL""","""CenturyLink"," Inc.""",40.50,"""11/12/2014""","""3:56pm""","""+0.53 - +1.33%""","2592961
"
"""CTSH""","""Cognizant Technol""",53.23,"""11/12/2014""","""3:56pm""","""+0.08 - +0.15%""","2967217
"
"""CTXS""","""Citrix Systems"," I""",66.30,"""11/12/2014""","""3:56pm""","""-0.37 - -0.55%""","890205
"
"""CVC""","""Cablevision Syste""",18.145,"""11/12/2014""","""3:56pm""","""+0.055 - +0.30%""","2958268
"
"""CVS""","""CVS Health Corpor""",89.32,"""11/12/2014""","""3:56pm""","""-0.44 - -0.49%""","2535655
"
"""CVX""","""Chevron Corporati""",117.72,"""11/12/2014""","""3:56pm""","""-0.72 - -0.61%""","4171846
"
"""D""","""Dominion Resource""",72.73,"""11/12/2014""","""3:56pm""","""-1.18 - -1.60%""","2462900
"
"""DAL""","""Delta Air Lines"," """,43.43,"""11/12/2014""","""3:56pm""","""-0.41 - -0.94%""","8496394
"
"""DD""","""E.I. du Pont de N""",70.51,"""11/12/2014""","""3:56pm""","""+0.17 - +0.24%""","2011983
"
"""DE""","""Deere & Company C""",88.2801,"""11/12/2014""","""3:56pm""","""-0.1699 - -0.19%""","2392715
"
"""DFS""","""Discover Financia""",66.095,"""11/12/2014""","""3:56pm""","""-0.285 - -0.43%""","1224899
"
"""DG""","""Dollar General Co""",64.92,"""11/12/2014""","""3:56pm""","""-0.62 - -0.95%""","2924570
"
"""DGX""","""Quest Diagnostics""",62.925,"""11/12/2014""","""3:56pm""","""-0.075 - -0.12%""","811163
"
"""DHI""","""D.R. Horton"," Inc.""",24.04,"""11/12/2014""","""3:56pm""","""+0.09 - +0.38%""","7174458
"
"""DHR""","""Danaher Corporati""",82.34,"""11/12/2014""","""3:56pm""","""+0.93 - +1.14%""","4324060
"
"""DIS""","""Walt Disney Compa""",89.89,"""11/12/2014""","""3:56pm""","""-0.09 - -0.10%""","4369951
"
"""DISCA""","""Discovery Communi""",31.86,"""11/12/2014""","""3:56pm""","""-0.13 - -0.41%""","4301367
"
"""DISCK""","""Discovery Communi""",31.40,"""11/12/2014""","""3:56pm""","""-0.14 - -0.44%""","2292342
"
"""DLPH""","""Delphi Automotive""",70.39,"""11/12/2014""","""3:57pm""","""+0.15 - +0.21%""","1324951
"
"""DLTR""","""Dollar Tree"," Inc.""",61.81,"""11/12/2014""","""3:57pm""","""+0.30 - +0.49%""","1679194
"
"""DNB""","""Dun & Bradstreet """,124.95,"""11/12/2014""","""3:56pm""","""+1.38 - +1.12%""","78990
"
"""DNR""","""Denbury Resources""",11.67,"""11/12/2014""","""3:57pm""","""-0.12 - -1.02%""","5705033
"
"""DO""","""Diamond Offshore """,35.81,"""11/12/2014""","""3:57pm""","""-0.83 - -2.27%""","1021479
"
"""DOV""","""Dover Corporation""",81.12,"""11/12/2014""","""3:57pm""","""+0.37 - +0.46%""","969092
"
"""DOW""","""Dow Chemical Comp""",49.89,"""11/12/2014""","""3:57pm""","""+0.37 - +0.75%""","11354874
"
"""DPS""","""Dr Pepper Snapple""",70.715,"""11/12/2014""","""3:57pm""","""+0.975 - +1.40%""","1319469
"
"""DRI""","""Darden Restaurant""",56.395,"""11/12/2014""","""3:57pm""","""+0.675 - +1.21%""","2136787
"
"""DTE""","""DTE Energy Compan""",80.94,"""11/12/2014""","""3:57pm""","""-1.85 - -2.23%""","1423467
"
"""DTV""","""DIRECTV""",87.36,"""11/12/2014""","""3:57pm""","""+0.43 - +0.49%""","1207313
"
"""DUK""","""Duke Energy Corpo""",79.90,"""11/12/2014""","""3:57pm""","""-1.965 - -2.40%""","5148909
"
"""DVA""","""DaVita HealthCare""",76.74,"""11/12/2014""","""3:57pm""","""+0.61 - +0.80%""","2823195
"
"""DVN""","""Devon Energy Corp""",64.08,"""11/12/2014""","""3:57pm""","""-0.48 - -0.74%""","3257659
"
"""EA""","""Electronic Arts I""",41.225,"""11/12/2014""","""3:57pm""","""+0.085 - +0.21%""","2506119
"
"""EBAY""","""eBay Inc.""",54.04,"""11/12/2014""","""3:57pm""","""-0.15 - -0.28%""","5389884
"
"""ECL""","""Ecolab Inc. Commo""",112.94,"""11/12/2014""","""3:57pm""","""+0.15 - +0.13%""","547606
"
"""ED""","""Consolidated Edis""",62.275,"""11/12/2014""","""3:57pm""","""-1.185 - -1.87%""","2788082
"
"""EFX""","""Equifax"," Inc. Com""",78.71,"""11/12/2014""","""3:57pm""","""+0.48 - +0.61%""","304598
"
"""EIX""","""Edison Internatio""",62.40,"""11/12/2014""","""3:57pm""","""-0.81 - -1.28%""","2946583
"
"""EL""","""Estee Lauder Comp""",72.61,"""11/12/2014""","""3:57pm""","""-0.09 - -0.12%""","1201883
"
"""EMC""","""EMC Corporation C""",29.415,"""11/12/2014""","""3:57pm""","""+0.395 - +1.36%""","8500436
"
"""EMN""","""Eastman Chemical """,84.08,"""11/12/2014""","""3:57pm""","""-0.25 - -0.30%""","1186883
"
"""EMR""","""Emerson Electric """,64.02,"""11/12/2014""","""3:57pm""","""-0.07 - -0.11%""","2326152
"
"""EOG""","""EOG Resources"," In""",97.56,"""11/12/2014""","""3:57pm""","""-1.19 - -1.21%""","3053120
"
"""EQR""","""Equity Residentia""",69.31,"""11/12/2014""","""3:57pm""","""-0.65 - -0.93%""","1542897
"
"""EQT""","""EQT Corporation C""",94.19,"""11/12/2014""","""3:57pm""","""-2.07 - -2.15%""","1016824
"
"""ESRX""","""Express Scripts H""",77.855,"""11/12/2014""","""3:57pm""","""+0.115 - +0.15%""","2765828
"
"""ESS""","""Essex Property Tr""",200.5099,"""11/12/2014""","""3:57pm""","""-1.8201 - -0.90%""","207065
"
"""ESV""","""Ensco plc Class A""",39.24,"""11/12/2014""","""3:57pm""","""-0.19 - -0.48%""","4444945
"
"""ETFC""","""E*TRADE Financial""",22.83,"""11/12/2014""","""3:57pm""","""-0.28 - -1.21%""","3368870
"
"""ETN""","""Eaton Corporation""",67.651,"""11/12/2014""","""3:57pm""","""-0.299 - -0.44%""","2810489
"
"""ETR""","""Entergy Corporati""",81.64,"""11/12/2014""","""3:57pm""","""-1.32 - -1.59%""","2260439
"
"""EW""","""Edwards Lifescien""",122.995,"""11/12/2014""","""3:57pm""","""-1.795 - -1.44%""","882305
"
"""EXC""","""Exelon Corporatio""",35.955,"""11/12/2014""","""3:57pm""","""-1.285 - -3.45%""","8311017
"
"""EXPD""","""Expeditors Intern""",43.915,"""11/12/2014""","""3:57pm""","""-0.345 - -0.78%""","765557
"
"""EXPE""","""Expedia"," Inc.""",87.16,"""11/12/2014""","""3:57pm""","""+0.70 - +0.81%""","1611194
"
"""F""","""Ford Motor Compan""",14.58,"""11/12/2014""","""3:57pm""","""+0.21 - +1.46%""","33555252
"
"""FAST""","""Fastenal Company""",44.65,"""11/12/2014""","""3:57pm""","""+0.22 - +0.50%""","1480241
"
"""FB""","""Facebook"," Inc.""",74.70,"""11/12/2014""","""3:58pm""","""+0.09 - +0.12%""","25180612
"
"""FCX""","""Freeport-McMoRan","""",28.57,"""11/12/2014""","""3:58pm""","""+0.14 - +0.49%""","10891644
"
"""FDO""","""Family Dollar Sto""",78.49,"""11/12/2014""","""3:57pm""","""-0.06 - -0.08%""","186586
"
"""FDX""","""FedEx Corporation""",171.89,"""11/12/2014""","""3:58pm""","""-0.45 - -0.26%""","765788
"
"""FE""","""FirstEnergy Corpo""",36.42,"""11/12/2014""","""3:58pm""","""-0.87 - -2.33%""","3288771
"
"""FFIV""","""F5 Networks"," Inc.""",125.7116,"""11/12/2014""","""3:58pm""","""-0.8584 - -0.68%""","658425
"
"""FIS""","""Fidelity National""",58.90,"""11/12/2014""","""3:58pm""","""+0.41 - +0.70%""","1052284
"
"""FISV""","""Fiserv"," Inc.""",69.865,"""11/12/2014""","""3:58pm""","""+0.025 - +0.04%""","790702
"
"""FITB""","""Fifth Third Banco""",20.37,"""11/12/2014""","""3:58pm""","""+0.13 - +0.64%""","4543271
"
"""FLIR""","""FLIR Systems"," Inc""",32.98,"""11/12/2014""","""3:58pm""","""-0.01 - -0.03%""","665976
"
"""FLR""","""Fluor Corporation""",65.94,"""11/12/2014""","""3:58pm""","""+0.04 - +0.06%""","1067752
"
"""FLS""","""Flowserve Corpora""",67.235,"""11/12/2014""","""3:58pm""","""+0.395 - +0.59%""","808229
"
"""FMC""","""FMC Corporation C""",56.78,"""11/12/2014""","""3:58pm""","""-0.04 - -0.07%""","575144
"
"""FOSL""","""Fossil Group"," Inc""",112.48,"""11/12/2014""","""3:58pm""","""+8.73 - +8.41%""","4768868
"
"""FOXA""","""Twenty-First Cent""",34.64,"""11/12/2014""","""3:58pm""","""-0.29 - -0.83%""","7029396
"
"""FSLR""","""First Solar"," Inc.""",49.58,"""11/12/2014""","""3:58pm""","""-1.41 - -2.77%""","3693334
"
"""FTI""","""FMC Technologies","""",55.765,"""11/12/2014""","""3:58pm""","""-0.215 - -0.38%""","1642143
"
"""FTR""","""Frontier Communic""",6.775,"""11/12/2014""","""3:58pm""","""+0.275 - +4.23%""","8980006
"
"""GAS""","""AGL Resources"," In""",52.135,"""11/12/2014""","""3:58pm""","""-0.645 - -1.22%""","1251601
"
"""GCI""","""Gannett Co."," Inc.""",30.87,"""11/12/2014""","""3:58pm""","""+0.04 - +0.13%""","868990
"
"""GD""","""General Dynamics """,141.31,"""11/12/2014""","""3:58pm""","""+0.01 - +0.01%""","1129580
"
"""GE""","""General Electric """,26.51,"""11/12/2014""","""3:58pm""","""+0.13 - +0.49%""","23243276
"
"""GGP""","""General Growth Pr""",25.41,"""11/12/2014""","""3:58pm""","""-0.23 - -0.90%""","2107579
"
"""GILD""","""Gilead Sciences"," """,106.94,"""11/12/2014""","""3:58pm""","""-1.07 - -0.99%""","11366145
"
"""GIS""","""General Mills"," In""",50.96,"""11/12/2014""","""3:58pm""","""-0.01 - -0.02%""","2284942
"
"""GLW""","""Corning Incorpora""",20.715,"""11/12/2014""","""3:58pm""","""+0.005 - +0.02%""","3711168
"
"""GM""","""General Motors Co""",31.43,"""11/12/2014""","""3:58pm""","""+0.08 - +0.26%""","6809996
"
"""GMCR""","""Keurig Green Moun""",152.72,"""11/12/2014""","""3:58pm""","""-1.97 - -1.27%""","1224822
"
"""GME""","""Gamestop Corporat""",43.41,"""11/12/2014""","""3:58pm""","""+0.91 - +2.14%""","2093926
"
"""GNW""","""Genworth Financia""",8.805,"""11/12/2014""","""3:58pm""","""+0.405 - +4.82%""","27145664
"
"""GOOG""","""Google Inc.""",547.47,"""11/12/2014""","""3:58pm""","""-2.82 - -0.51%""","957437
"
"""GOOGL""","""Google Inc.""",558.62,"""11/12/2014""","""3:58pm""","""-2.67 - -0.48%""","932674
"
"""GPC""","""Genuine Parts Com""",100.59,"""11/12/2014""","""3:58pm""","""+0.93 - +0.93%""","437135
"
"""GPS""","""Gap"," Inc. (The) C""",39.19,"""11/12/2014""","""3:58pm""","""+0.37 - +0.95%""","2954185
"
"""GRMN""","""Garmin Ltd.""",56.07,"""11/12/2014""","""3:58pm""","""+0.26 - +0.47%""","1050360
"
"""GS""","""Goldman Sachs Gro""",190.14,"""11/12/2014""","""3:58pm""","""-1.74 - -0.91%""","2067892
"
"""GT""","""The Goodyear Tire""",25.12,"""11/12/2014""","""3:58pm""","""-0.15 - -0.59%""","2813645
"
"""GWW""","""W.W. Grainger"," In""",246.60,"""11/12/2014""","""3:58pm""","""+0.29 - +0.12%""","757954
"
"""HAL""","""Halliburton Compa""",53.22,"""11/12/2014""","""3:58pm""","""-0.50 - -0.93%""","8636152
"
"""HAR""","""Harman Internatio""",107.88,"""11/12/2014""","""3:58pm""","""+0.55 - +0.51%""","646482
"
"""HAS""","""Hasbro"," Inc.""",57.52,"""11/12/2014""","""3:59pm""","""+0.85 - +1.50%""","993448
"
"""HBAN""","""Huntington Bancsh""",10.165,"""11/12/2014""","""3:59pm""","""+0.045 - +0.44%""","6069998
"
"""HCBK""","""Hudson City Banco""",9.905,"""11/12/2014""","""3:59pm""","""+0.055 - +0.56%""","1730658
"
"""HCN""","""Health Care REIT","""",70.74,"""11/12/2014""","""3:59pm""","""-0.10 - -0.14%""","965269
"
"""HCP""","""HCP"," Inc. Common """,43.33,"""11/12/2014""","""3:59pm""","""-0.04 - -0.09%""","1595802
"
"""HD""","""Home Depot"," Inc. """,98.58,"""11/12/2014""","""3:59pm""","""+0.44 - +0.45%""","4101960
"
"""HES""","""Hess Corporation """,82.48,"""11/12/2014""","""3:59pm""","""-1.33 - -1.59%""","3275334
"
"""HIG""","""Hartford Financia""",39.975,"""11/12/2014""","""3:59pm""","""-0.185 - -0.46%""","2596332
"
"""HOG""","""Harley-Davidson"," """,67.135,"""11/12/2014""","""3:59pm""","""+0.405 - +0.61%""","999587
"
"""HON""","""Honeywell Interna""",97.11,"""11/12/2014""","""3:59pm""","""+0.13 - +0.13%""","1307749
"
"""HOT""","""Starwood Hotels &""",77.97,"""11/12/2014""","""3:59pm""","""+0.12 - +0.15%""","1131702
"
"""HP""","""Helmerich & Payne""",85.59,"""11/12/2014""","""3:59pm""","""+0.2675 - +0.31%""","1827392
"
"""HPQ""","""Hewlett-Packard C""",36.52,"""11/12/2014""","""3:59pm""","""-0.24 - -0.65%""","4810991
"
"""HRB""","""H&R Block"," Inc. C""",32.955,"""11/12/2014""","""3:59pm""","""+0.025 - +0.08%""","886660
"
"""HRL""","""Hormel Foods Corp""",54.70,"""11/12/2014""","""3:59pm""","""-0.05 - -0.09%""","477700
"
"""HRS""","""Harris Corporatio""",71.09,"""11/12/2014""","""3:59pm""","""-0.24 - -0.34%""","389921
"
"""HSP""","""Hospira Inc""",58.14,"""11/12/2014""","""3:59pm""","""+0.83 - +1.45%""","984756
"
"""HST""","""Host Hotels & Res""",22.69,"""11/12/2014""","""3:59pm""","""-0.07 - -0.31%""","3198288
"
"""HSY""","""The Hershey Compa""",96.62,"""11/12/2014""","""3:59pm""","""+0.15 - +0.16%""","663338
"
"""HUM""","""Humana Inc. Commo""",137.30,"""11/12/2014""","""3:59pm""","""+0.86 - +0.63%""","1044609
"
"""IBM""","""International Bus""",161.96,"""11/12/2014""","""3:59pm""","""-1.34 - -0.82%""","3040143
"
"""ICE""","""Intercontinental """,221.30,"""11/12/2014""","""3:59pm""","""+0.06 - +0.03%""","776638
"
"""IFF""","""Internationa Flav""",100.10,"""11/12/2014""","""3:59pm""","""+0.31 - +0.31%""","230928
"
"""INTC""","""Intel Corporation""",33.38,"""11/12/2014""","""3:59pm""","""+0.07 - +0.21%""","19998216
"
"""INTU""","""Intuit Inc.""",89.63,"""11/12/2014""","""3:59pm""","""-1.08 - -1.19%""","1180305
"
"""IP""","""International Pap""",54.05,"""11/12/2014""","""3:59pm""","""+0.43 - +0.80%""","2190902
"
"""IPG""","""Interpublic Group""",19.43,"""11/12/2014""","""3:59pm""","""+0.06 - +0.31%""","1319688
"
"""IR""","""Ingersoll-Rand pl""",62.98,"""11/12/2014""","""3:59pm""","""-0.07 - -0.11%""","1341629
"
"""IRM""","""Iron Mountain Inc""",38.05,"""11/12/2014""","""3:59pm""","""+0.22 - +0.58%""","1212959
"
"""ISRG""","""Intuitive Surgica""",512.85,"""11/12/2014""","""3:59pm""","""-1.4901 - -0.29%""","147630
"
"""ITW""","""Illinois Tool Wor""",93.24,"""11/12/2014""","""3:59pm""","""+0.24 - +0.26%""","1140463
"
"""IVZ""","""Invesco Plc New C""",40.865,"""11/12/2014""","""3:59pm""","""-0.185 - -0.45%""","2116702
"
"""JBL""","""Jabil Circuit"," In""",21.355,"""11/12/2014""","""3:59pm""","""+0.325 - +1.55%""","2326681
"
"""JCI""","""Johnson Controls","""",49.55,"""11/12/2014""","""3:59pm""","""-0.03 - -0.06%""","3446675
"
"""JEC""","""Jacobs Engineerin""",48.385,"""11/12/2014""","""3:59pm""","""+0.805 - +1.69%""","986978
"
"""JNJ""","""Johnson & Johnson""",108.77,"""11/12/2014""","""3:59pm""","""-0.14 - -0.13%""","3653913
"
"""JNPR""","""Juniper Networks","""",20.86,"""11/12/2014""","""3:59pm""","""+0.58 - +2.86%""","9449165
"
"""JOY""","""Joy Global Inc. C""",53.75,"""11/12/2014""","""3:59pm""","""-0.32 - -0.59%""","627633
"
"""JPM""","""JP Morgan Chase &""",60.55,"""11/12/2014""","""3:59pm""","""-0.82 - -1.34%""","14560776
"
"""JWN""","""Nordstrom"," Inc. C""",72.86,"""11/12/2014""","""4:00pm""","""+2.38 - +3.38%""","2336354
"
"""K""","""Kellogg Company C""",63.67,"""11/12/2014""","""4:00pm""","""-0.08 - -0.13%""","1218787
"
"""KEY""","""KeyCorp Common St""",13.485,"""11/12/2014""","""4:00pm""","""+0.005 - +0.04%""","7462184
"
"""KIM""","""Kimco Realty Corp""",24.61,"""11/12/2014""","""4:00pm""","""-0.17 - -0.69%""","2870716
"
"""KLAC""","""KLA-Tencor Corpor""",79.72,"""11/12/2014""","""3:59pm""","""-0.47 - -0.59%""","875298
"
"""KMB""","""Kimberly-Clark Co""",113.39,"""11/12/2014""","""4:00pm""","""+0.02 - +0.02%""","1103816
"
"""KMI""","""Kinder Morgan"," In""",38.505,"""11/12/2014""","""4:00pm""","""-0.035 - -0.09%""","15400658
"
"""KMX""","""CarMax Inc""",55.88,"""11/12/2014""","""4:00pm""","""+0.14 - +0.25%""","1286172
"
"""KO""","""Coca-Cola Company""",42.705,"""11/12/2014""","""4:00pm""","""+0.195 - +0.46%""","11257943
"
"""KORS""","""Michael Kors Hold""",71.00,"""11/12/2014""","""4:00pm""","""+2.11 - +3.06%""","6361523
"
"""KR""","""Kroger Company (T""",58.37,"""11/12/2014""","""4:00pm""","""+0.275 - +0.47%""","2196244
"
"""KRFT""","""Kraft Foods Group""",57.46,"""11/12/2014""","""4:00pm""","""-0.42 - -0.73%""","2501773
"
"""KSS""","""Kohl's Corporatio""",57.91,"""11/12/2014""","""4:00pm""","""+1.68 - +2.99%""","3867493
"
"""KSU""","""Kansas City South""",123.54,"""11/12/2014""","""4:00pm""","""-1.30 - -1.04%""","578105
"
"""L""","""Loews Corporation""",43.25,"""11/12/2014""","""4:00pm""","""-0.23 - -0.53%""","607917
"
"""LB""","""L Brands"," Inc.""",77.945,"""11/12/2014""","""4:00pm""","""+1.245 - +1.62%""","1616611
"
"""LEG""","""Leggett & Platt"," """,41.445,"""11/12/2014""","""4:00pm""","""+0.145 - +0.35%""","1270364
"
"""LEN""","""Lennar Corporatio""",45.56,"""11/12/2014""","""4:00pm""","""-0.83 - -1.79%""","6094762
"
"""LH""","""Laboratory Corpor""",100.72,"""11/12/2014""","""4:00pm""","""+0.63 - +0.63%""","1819880
"
"""LLL""","""L-3 Communication""",117.21,"""11/12/2014""","""4:00pm""","""-1.49 - -1.26%""","1154504
"
"""LLTC""","""Linear Technology""",43.105,"""11/12/2014""","""4:00pm""","""-0.125 - -0.29%""","1330561
"
"""LLY""","""Eli Lilly and Com""",67.40,"""11/12/2014""","""4:00pm""","""+0.04 - +0.06%""","4070748
"
"""LM""","""Legg Mason"," Inc. """,54.02,"""11/12/2014""","""4:00pm""","""-0.36 - -0.66%""","478823
"
"""LMT""","""Lockheed Martin C""",186.86,"""11/12/2014""","""4:00pm""","""-0.26 - -0.14%""","696684
"
"""LNC""","""Lincoln National """,56.04,"""11/12/2014""","""4:00pm""","""-0.24 - -0.43%""","1421862
"
"""LO""","""Lorillard"," Inc Co""",62.09,"""11/12/2014""","""4:00pm""","""+0.19 - +0.31%""","1041735
"
"""LOW""","""Lowe's Companies","""",58.22,"""11/12/2014""","""4:00pm""","""+0.22 - +0.38%""","4781241
"
"""LRCX""","""Lam Research Corp""",78.97,"""11/12/2014""","""4:00pm""","""-1.01 - -1.26%""","1498591
"
"""LUK""","""Leucadia National""",24.445,"""11/12/2014""","""4:00pm""","""+0.075 - +0.31%""","691325
"
"""LUV""","""Southwest Airline""",39.37,"""11/12/2014""","""4:00pm""","""0.00 - 0.00%""","5804253
"
"""LYB""","""LyondellBasell In""",88.63,"""11/12/2014""","""4:00pm""","""+0.09 - +0.10%""","5006456
"
"""M""","""Macy's Inc Common""",61.59,"""11/12/2014""","""4:00pm""","""+3.00 - +5.12%""","16754115
"
"""MA""","""Mastercard Incorp""",84.34,"""11/12/2014""","""4:00pm""","""-0.25 - -0.30%""","2846195
"
"""MAC""","""Macerich Company """,68.60,"""11/12/2014""","""4:00pm""","""-0.77 - -1.11%""","745383
"
"""MAR""","""Marriott Internat""",77.295,"""11/12/2014""","""3:59pm""","""+0.155 - +0.20%""","1250909
"
"""MAS""","""Masco Corporation""",23.19,"""11/12/2014""","""4:00pm""","""-0.03 - -0.13%""","2320624
"
"""MAT""","""Mattel"," Inc.""",31.31,"""11/12/2014""","""4:00pm""","""+0.555 - +1.80%""","3076360
"
"""MCD""","""McDonald's Corpor""",95.33,"""11/12/2014""","""4:00pm""","""+0.19 - +0.20%""","2649819
"
"""MCHP""","""Microchip Technol""",43.38,"""11/12/2014""","""4:00pm""","""0.00 - 0.00%""","3749856
"
"""MCK""","""McKesson Corporat""",203.06,"""11/12/2014""","""4:00pm""","""-0.06 - -0.03%""","597044
"
"""MCO""","""Moody's Corporati""",100.09,"""11/12/2014""","""4:00pm""","""+0.78 - +0.79%""","1042927
"
"""MDLZ""","""Mondelez Internat""",37.92,"""11/12/2014""","""3:59pm""","""+0.15 - +0.40%""","5176271
"
"""MDT""","""Medtronic Inc. Co""",68.49,"""11/12/2014""","""4:00pm""","""-0.50 - -0.72%""","4087400
"
"""MET""","""MetLife"," Inc. Com""",55.11,"""11/12/2014""","""4:00pm""","""-0.05 - -0.09%""","3295312
"
"""MHFI""","""McGraw Hill Finan""",90.51,"""11/12/2014""","""4:00pm""","""+1.10 - +1.23%""","854872
"
"""MHK""","""Mohawk Industries""",143.22,"""11/12/2014""","""4:00pm""","""+0.16 - +0.11%""","362905
"
"""MJN""","""Mead Johnson Nutr""",99.61,"""11/12/2014""","""4:00pm""","""+0.35 - +0.35%""","974473
"
"""MKC""","""McCormick & Compa""",73.26,"""11/12/2014""","""4:00pm""","""+0.04 - +0.05%""","370805
"
"""MLM""","""Martin Marietta M""",126.32,"""11/12/2014""","""4:00pm""","""+0.75 - +0.60%""","577915
"
"""MMC""","""Marsh & McLennan """,56.025,"""11/12/2014""","""4:00pm""","""-0.125 - -0.22%""","1412549
"
"""MMM""","""3M Company Common""",157.68,"""11/12/2014""","""4:01pm""","""+0.57 - +0.36%""","1479206
"
"""MNK""","""Mallinckrodt plc """,92.98,"""11/12/2014""","""4:00pm""","""-0.73 - -0.78%""","559735
"
"""MNST""","""Monster Beverage """,107.90,"""11/12/2014""","""3:59pm""","""+0.89 - +0.83%""","574069
"
"""MO""","""Altria Group"," Inc""",49.34,"""11/12/2014""","""4:00pm""","""+0.06 - +0.12%""","5918491
"
"""MON""","""Monsanto Company """,118.98,"""11/12/2014""","""4:00pm""","""+0.67 - +0.57%""","4007159
"
"""MOS""","""Mosaic Company (T""",45.17,"""11/12/2014""","""4:01pm""","""+0.36 - +0.80%""","2609924
"
"""MPC""","""Marathon Petroleu""",95.00,"""11/12/2014""","""4:00pm""","""+0.37 - +0.39%""","2187068
"
"""MRK""","""Merck & Company"," """,59.31,"""11/12/2014""","""4:01pm""","""-0.06 - -0.10%""","6510463
"
"""MRO""","""Marathon Oil Corp""",32.65,"""11/12/2014""","""4:01pm""","""-0.48 - -1.45%""","7017883
"
"""MS""","""Morgan Stanley Co""",35.97,"""11/12/2014""","""4:01pm""","""+0.18 - +0.50%""","9108819
"
"""MSFT""","""Microsoft Corpora""",48.78,"""11/12/2014""","""4:00pm""","""-0.09 - -0.18%""","22374920
"
"""MSI""","""Motorola Solution""",63.715,"""11/12/2014""","""4:00pm""","""+0.165 - +0.26%""","1259761
"
"""MTB""","""M&T Bank Corporat""",125.71,"""11/12/2014""","""4:00pm""","""+0.86 - +0.69%""","554889
"
"""MU""","""Micron Technology""",32.91,"""11/12/2014""","""3:59pm""","""-0.29 - -0.87%""","13660725
"
"""MUR""","""Murphy Oil Corpor""",52.52,"""11/12/2014""","""4:01pm""","""-1.25 - -2.32%""","1630113
"
"""MWV""","""Meadwestvaco Corp""",44.51,"""11/12/2014""","""4:00pm""","""+0.18 - +0.41%""","502404
"
"""MYL""","""Mylan Inc.""",53.80,"""11/12/2014""","""4:00pm""","""+0.29 - +0.54%""","2575189
"
"""NAVI""","""Navient Corporati""",20.13,"""11/12/2014""","""4:00pm""","""-0.17 - -0.84%""","2166149
"
"""NBL""","""Noble Energy Inc.""",55.22,"""11/12/2014""","""4:01pm""","""-0.92 - -1.64%""","2680974
"
"""NBR""","""Nabors Industries""",17.24,"""11/12/2014""","""4:00pm""","""-0.13 - -0.75%""","5896764
"
"""NDAQ""","""The NASDAQ OMX Gr""",44.03,"""11/12/2014""","""4:00pm""","""-0.24 - -0.54%""","528811
"
"""NE""","""Noble Corporation""",21.54,"""11/12/2014""","""4:01pm""","""+0.30 - +1.41%""","7448405
"
"""NEE""","""NextEra Energy"," I""",103.09,"""11/12/2014""","""4:00pm""","""-1.71 - -1.63%""","2345561
"
"""NEM""","""Newmont Mining Co""",18.46,"""11/12/2014""","""4:00pm""","""-0.24 - -1.28%""","8236879
"
"""NFLX""","""Netflix"," Inc.""",383.86,"""11/12/2014""","""4:00pm""","""+1.31 - +0.34%""","1561414
"
"""NFX""","""Newfield Explorat""",33.10,"""11/12/2014""","""4:00pm""","""-0.52 - -1.55%""","2668003
"
"""NI""","""NiSource Inc Comm""",41.58,"""11/12/2014""","""4:00pm""","""-0.93 - -2.19%""","2023834
"
"""NKE""","""Nike"," Inc. Common""",95.81,"""11/12/2014""","""4:00pm""","""+0.93 - +0.98%""","2465616
"
"""NLSN""","""Nielsen N.V. Comm""",43.07,"""11/12/2014""","""4:00pm""","""+0.08 - +0.19%""","2313501
"
"""NOC""","""Northrop Grumman """,136.02,"""11/12/2014""","""4:01pm""","""-0.83 - -0.61%""","770837
"
"""NOV""","""National Oilwell """,72.98,"""11/12/2014""","""4:00pm""","""-0.12 - -0.16%""","3527144
"
"""NRG""","""NRG Energy"," Inc. """,32.44,"""11/12/2014""","""4:00pm""","""-0.72 - -2.17%""","3287832
"
"""NSC""","""Norfolk Southern """,116.65,"""11/12/2014""","""4:00pm""","""+0.02 - +0.02%""","1940959
"
"""NTAP""","""NetApp"," Inc.""",42.31,"""11/12/2014""","""4:00pm""","""+0.04 - +0.09%""","3812899
"
"""NTRS""","""Northern Trust Co""",67.86,"""11/12/2014""","""4:00pm""","""+0.28 - +0.41%""","790059
"
"""NU""","""Northeast Utiliti""",49.495,"""11/12/2014""","""4:00pm""","""-1.045 - -2.07%""","2184256
"
"""NUE""","""Nucor Corporation""",53.26,"""11/12/2014""","""4:00pm""","""-0.07 - -0.13%""","1441052
"
"""NVDA""","""NVIDIA Corporatio""",19.645,"""11/12/2014""","""4:00pm""","""-0.135 - -0.68%""","4909642
"
"""NWL""","""Newell Rubbermaid""",34.61,"""11/12/2014""","""4:00pm""","""-0.27 - -0.77%""","1415507
"
"""NWSA""","""News Corporation""",15.27,"""11/12/2014""","""4:00pm""","""+0.03 - +0.20%""","3863414
"
"""OI""","""Owens-Illinois"," I""",25.88,"""11/12/2014""","""4:02pm""","""+0.09 - +0.35%""","1316046
"
"""OKE""","""ONEOK"," Inc. Commo""",56.44,"""11/12/2014""","""4:00pm""","""+0.19 - +0.34%""","1296794
"
"""OMC""","""Omnicom Group Inc""",73.40,"""11/12/2014""","""4:01pm""","""+0.31 - +0.42%""","893651
"
"""ORCL""","""Oracle Corporatio""",40.14,"""11/12/2014""","""4:00pm""","""-0.33 - -0.82%""","9599387
"
"""ORLY""","""O'Reilly Automoti""",180.05,"""11/12/2014""","""4:00pm""","""+0.72 - +0.40%""","356307
"
"""OXY""","""Occidental Petrol""",88.58,"""11/12/2014""","""4:00pm""","""-0.53 - -0.59%""","5017444
"
"""PAYX""","""Paychex"," Inc.""",47.49,"""11/12/2014""","""4:00pm""","""+0.21 - +0.44%""","1437696
"
"""PBCT""","""People's United F""",14.865,"""11/12/2014""","""4:00pm""","""+0.015 - +0.10%""","1687259
"
"""PBI""","""Pitney Bowes Inc.""",24.65,"""11/12/2014""","""4:00pm""","""-0.10 - -0.40%""","1730883
"
"""PCAR""","""PACCAR Inc.""",66.90,"""11/12/2014""","""4:00pm""","""+0.38 - +0.57%""","1207068
"
"""PCG""","""Pacific Gas & Ele""",50.14,"""11/12/2014""","""4:00pm""","""-0.41 - -0.81%""","4106050
"
"""PCL""","""Plum Creek Timber""",40.80,"""11/12/2014""","""4:00pm""","""+0.11 - +0.27%""","1813352
"
"""PCLN""","""The Priceline Gro""",1161.00,"""11/12/2014""","""4:00pm""","""-6.36 - -0.54%""","812779
"
"""PCP""","""Precision Castpar""",226.05,"""11/12/2014""","""4:01pm""","""+0.63 - +0.28%""","834783
"
"""PDCO""","""Patterson Compani""",45.125,"""11/12/2014""","""4:00pm""","""+0.855 - +1.93%""","674764
"
"""PEG""","""Public Service En""",39.725,"""11/12/2014""","""4:00pm""","""-1.225 - -2.99%""","6068628
"
"""PEP""","""Pepsico"," Inc. Com""",97.16,"""11/12/2014""","""4:01pm""","""+0.46 - +0.48%""","3190312
"
"""PETM""","""PetSmart"," Inc""",72.77,"""11/12/2014""","""4:00pm""","""+0.20 - +0.28%""","718373
"
"""PFE""","""Pfizer"," Inc. Comm""",30.42,"""11/12/2014""","""4:02pm""","""+0.10 - +0.33%""","21400226
"
"""PFG""","""Principal Financi""",53.37,"""11/12/2014""","""4:00pm""","""-0.03 - -0.06%""","761090
"
"""PG""","""Procter & Gamble """,89.48,"""11/12/2014""","""4:00pm""","""-0.19 - -0.21%""","6209468
"
"""PGR""","""Progressive Corpo""",27.02,"""11/12/2014""","""4:00pm""","""+0.27 - +1.01%""","3185069
"
"""PH""","""Parker-Hannifin C""",128.58,"""11/12/2014""","""4:00pm""","""+0.50 - +0.39%""","699013
"
"""PHM""","""PulteGroup"," Inc. """,20.69,"""11/12/2014""","""4:00pm""","""-0.28 - -1.34%""","5908360
"
"""PKI""","""PerkinElmer"," Inc.""",43.77,"""11/12/2014""","""4:00pm""","""-0.22 - -0.50%""","429025
"
"""PLD""","""ProLogis"," Inc. Co""",40.98,"""11/12/2014""","""4:00pm""","""-0.67 - -1.61%""","2381680
"
"""PLL""","""Pall Corporation """,93.22,"""11/12/2014""","""4:00pm""","""-0.62 - -0.66%""","1168175
"
"""PM""","""Philip Morris Int""",87.90,"""11/12/2014""","""4:02pm""","""-0.19 - -0.22%""","2746978
"
"""PNC""","""PNC Financial Ser""",88.04,"""11/12/2014""","""4:00pm""","""-0.20 - -0.23%""","1921729
"
"""PNR""","""Pentair plc. Ordi""",68.44,"""11/12/2014""","""4:00pm""","""+0.32 - +0.47%""","746171
"
"""PNW""","""Pinnacle West Cap""",61.80,"""11/12/2014""","""4:02pm""","""-1.02 - -1.62%""","1091363
"
"""POM""","""PEPCO Holdings"," I""",27.545,"""11/12/2014""","""4:00pm""","""+0.035 - +0.13%""","1316995
"
"""PPG""","""PPG Industries"," I""",203.86,"""11/12/2014""","""4:00pm""","""-1.40 - -0.68%""","818020
"
"""PPL""","""PP&L Corporation """,35.86,"""11/12/2014""","""4:00pm""","""-0.71 - -1.94%""","4859806
"
"""PRGO""","""Perrigo Company p""",154.87,"""11/12/2014""","""4:02pm""","""-0.57 - -0.37%""","1390268
"
"""PRU""","""Prudential Financ""",85.26,"""11/12/2014""","""4:02pm""","""-0.85 - -0.99%""","3172081
"
"""PSA""","""Public Storage Co""",185.95,"""11/12/2014""","""4:00pm""","""-1.40 - -0.75%""","430305
"
"""PSX""","""Phillips 66 Commo""",73.03,"""11/12/2014""","""4:00pm""","""-0.11 - -0.15%""","3255509
"
"""PVH""","""PVH Corp. Common """,119.08,"""11/12/2014""","""4:00pm""","""+2.30 - +1.97%""","1115402
"
"""PWR""","""Quanta Services"," """,34.09,"""11/12/2014""","""4:02pm""","""+0.01 - +0.03%""","1091267
"
"""PX""","""Praxair"," Inc. Com""",126.20,"""11/12/2014""","""4:00pm""","""-0.50 - -0.39%""","867009
"
"""PXD""","""Pioneer Natural R""",170.31,"""11/12/2014""","""4:00pm""","""-1.47 - -0.86%""","1592935
"
"""QCOM""","""QUALCOMM Incorpor""",70.29,"""11/12/2014""","""4:00pm""","""+0.65 - +0.93%""","9337554
"
"""QEP""","""QEP Resources"," In""",24.47,"""11/12/2014""","""4:00pm""","""-0.36 - -1.45%""","2954730
"
"""R""","""Ryder System"," Inc""",92.32,"""11/12/2014""","""4:00pm""","""-0.38 - -0.41%""","392693
"
"""RAI""","""Reynolds American""",65.12,"""11/12/2014""","""4:01pm""","""+0.06 - +0.09%""","1127720
"
"""REGN""","""Regeneron Pharmac""",401.05,"""11/12/2014""","""3:59pm""","""+2.69 - +0.68%""","585268
"
"""RF""","""Regions Financial""",10.21,"""11/12/2014""","""4:02pm""","""+0.02 - +0.20%""","12188421
"
"""RHI""","""Robert Half Inter""",57.65,"""11/12/2014""","""4:00pm""","""+1.04 - +1.84%""","1568902
"
"""RHT""","""Red Hat"," Inc. Com""",61.41,"""11/12/2014""","""4:00pm""","""+0.11 - +0.18%""","1158695
"
"""RIG""","""Transocean Ltd (S""",27.03,"""11/12/2014""","""4:00pm""","""-0.94 - -3.36%""","13048849
"
"""RL""","""Ralph Lauren Corp""",172.93,"""11/12/2014""","""4:01pm""","""+1.86 - +1.09%""","839042
"
"""ROK""","""Rockwell Automati""",112.44,"""11/12/2014""","""4:00pm""","""-0.42 - -0.37%""","1521467
"
"""ROP""","""Roper Industries","""",156.71,"""11/12/2014""","""4:00pm""","""-0.71 - -0.45%""","302138
"
"""ROST""","""Ross Stores"," Inc.""",82.79,"""11/12/2014""","""4:00pm""","""+0.86 - +1.05%""","1699854
"
"""RRC""","""Range Resources C""",72.30,"""11/12/2014""","""4:00pm""","""-1.69 - -2.28%""","1678450
"
"""RSG""","""Republic Services""",39.64,"""11/12/2014""","""4:00pm""","""+0.23 - +0.58%""","1514149
"
"""RTN""","""Raytheon Company """,103.40,"""11/12/2014""","""4:03pm""","""-0.34 - -0.33%""","1699760
"
"""SBUX""","""Starbucks Corpora""",77.85,"""11/12/2014""","""4:00pm""","""+0.12 - +0.15%""","2581416
"
"""SCG""","""SCANA Corporation""",56.32,"""11/12/2014""","""4:00pm""","""-0.69 - -1.21%""","1127619
"
"""SCHW""","""Charles Schwab Co""",28.78,"""11/12/2014""","""4:01pm""","""-0.07 - -0.24%""","5910422
"
"""SE""","""Spectra Energy Co""",38.955,"""11/12/2014""","""4:00pm""","""-0.375 - -0.95%""","2957897
"
"""SEE""","""Sealed Air Corpor""",38.48,"""11/12/2014""","""4:02pm""","""+0.36 - +0.94%""","3082144
"
"""SHW""","""Sherwin-Williams """,238.10,"""11/12/2014""","""4:03pm""","""+1.03 - +0.43%""","428091
"
"""SIAL""","""Sigma-Aldrich Cor""",135.64,"""11/12/2014""","""4:00pm""","""-0.25 - -0.18%""","414968
"
"""SJM""","""J.M. Smucker Comp""",100.38,"""11/12/2014""","""4:03pm""","""-3.70 - -3.55%""","2132502
"
"""SLB""","""Schlumberger N.V.""",97.43,"""11/12/2014""","""4:01pm""","""-0.93 - -0.95%""","6604645
"
"""SNA""","""Snap-On Incorpora""",136.04,"""11/12/2014""","""4:01pm""","""+0.33 - +0.24%""","326277
"
"""SNDK""","""SanDisk Corporati""",92.83,"""11/12/2014""","""4:00pm""","""+0.15 - +0.16%""","1972018
"
"""SNI""","""Scripps Networks """,73.50,"""11/12/2014""","""4:02pm""","""+0.01 - +0.01%""","778977
"
"""SO""","""Southern Company """,47.10,"""11/12/2014""","""4:01pm""","""-0.48 - -1.01%""","7011035
"
"""SPG""","""Simon Property Gr""",178.32,"""11/12/2014""","""4:01pm""","""-0.99 - -0.55%""","1417433
"
"""SPLS""","""Staples"," Inc.""",13.38,"""11/12/2014""","""3:59pm""","""+0.34 - +2.61%""","14517081
"
"""SRCL""","""Stericycle"," Inc.""",127.69,"""11/12/2014""","""4:00pm""","""+0.06 - +0.05%""","158167
"
"""SRE""","""Sempra Energy Com""",110.64,"""11/12/2014""","""4:00pm""","""-1.85 - -1.64%""","1102762
"
"""STI""","""SunTrust Banks"," I""",39.85,"""11/12/2014""","""4:00pm""","""+0.09 - +0.23%""","1970717
"
"""STJ""","""St. Jude Medical","""",65.68,"""11/12/2014""","""4:02pm""","""-0.10 - -0.15%""","1158668
"
"""STT""","""State Street Corp""",77.45,"""11/12/2014""","""4:03pm""","""-0.23 - -0.30%""","2143311
"
"""STX""","""Seagate Technolog""",62.32,"""11/12/2014""","""4:00pm""","""+0.51 - +0.83%""","1805681
"
"""STZ""","""Constellation Bra""",94.02,"""11/12/2014""","""4:03pm""","""+0.18 - +0.19%""","1454034
"
"""SWK""","""Stanley Black & D""",96.21,"""11/12/2014""","""4:01pm""","""+0.38 - +0.40%""","1185642
"
"""SWN""","""Southwestern Ener""",34.41,"""11/12/2014""","""4:04pm""","""-0.95 - -2.69%""","5242757
"
"""SWY""","""Safeway Inc. Comm""",34.88,"""11/12/2014""","""4:02pm""","""-0.02 - -0.06%""","1038557
"
"""SYK""","""Stryker Corporati""",88.58,"""11/12/2014""","""4:03pm""","""-0.10 - -0.11%""","600519
"
"""SYMC""","""Symantec Corporat""",25.12,"""11/12/2014""","""4:00pm""","""-0.07 - -0.28%""","3423054
"
"""SYY""","""Sysco Corporation""",38.94,"""11/12/2014""","""4:01pm""","""+0.42 - +1.09%""","3605546
"
"""T""","""AT&T Inc.""",35.40,"""11/12/2014""","""4:00pm""","""+0.30 - +0.85%""","18308810
"
"""TAP""","""Molson Coors Brew""",75.36,"""11/12/2014""","""4:01pm""","""-0.85 - -1.12%""","1082190
"
"""TDC""","""Teradata Corporat""",44.57,"""11/12/2014""","""4:00pm""","""+0.86 - +1.97%""","1414072
"
"""TE""","""TECO Energy"," Inc.""",19.33,"""11/12/2014""","""4:02pm""","""-0.29 - -1.48%""","3526187
"
"""TEG""","""Integrys Energy G""",71.80,"""11/12/2014""","""4:01pm""","""-1.05 - -1.44%""","507408
"
"""TEL""","""TE Connectivity L""",61.54,"""11/12/2014""","""4:00pm""","""-0.15 - -0.24%""","1343563
"
"""TGT""","""Target Corporatio""",66.72,"""11/12/2014""","""4:02pm""","""+1.00 - +1.52%""","6130662
"
"""THC""","""Tenet Healthcare """,48.09,"""11/12/2014""","""4:00pm""","""-0.18 - -0.37%""","1987057
"
"""TIF""","""Tiffany & Co. Com""",102.89,"""11/12/2014""","""4:01pm""","""+2.95 - +2.95%""","1368388
"
"""TJX""","""TJX Companies"," In""",63.73,"""11/12/2014""","""4:01pm""","""+0.48 - +0.76%""","5904204
"
"""TMK""","""Torchmark Corpora""",53.245,"""11/12/2014""","""4:00pm""","""+0.065 - +0.12%""","623729
"
"""TMO""","""Thermo Fisher Sci""",118.51,"""11/12/2014""","""4:04pm""","""+0.21 - +0.18%""","1455255
"
"""TRIP""","""TripAdvisor"," Inc.""",70.38,"""11/12/2014""","""4:00pm""","""+0.39 - +0.56%""","2508047
"
"""TROW""","""T. Rowe Price Gro""",82.71,"""11/12/2014""","""4:00pm""","""-0.46 - -0.55%""","1511266
"
"""TRV""","""The Travelers Com""",103.06,"""11/12/2014""","""4:01pm""","""+0.12 - +0.12%""","1443653
"
"""TSCO""","""Tractor Supply Co""",73.88,"""11/12/2014""","""3:59pm""","""+0.53 - +0.72%""","630976
"
"""TSN""","""Tyson Foods"," Inc.""",39.87,"""11/12/2014""","""4:02pm""","""-0.78 - -1.92%""","4176678
"
"""TSO""","""Tesoro Corporatio""",72.84,"""11/12/2014""","""4:02pm""","""+0.12 - +0.17%""","3133400
"
"""TSS""","""Total System Serv""",33.73,"""11/12/2014""","""4:02pm""","""-0.01 - -0.03%""","628171
"
"""TWC""","""Time Warner Cable""",136.48,"""11/12/2014""","""4:00pm""","""+1.70 - +1.26%""","5824254
"
"""TWX""","""Time Warner Inc. """,77.68,"""11/12/2014""","""4:00pm""","""-0.36 - -0.46%""","4794362
"
"""TXN""","""Texas Instruments""",51.27,"""11/12/2014""","""4:00pm""","""-0.045 - -0.09%""","3985039
"
"""TXT""","""Textron Inc. Comm""",42.09,"""11/12/2014""","""4:00pm""","""+0.29 - +0.69%""","1476002
"
"""TYC""","""Tyco Internationa""",43.35,"""11/12/2014""","""4:00pm""","""-0.04 - -0.09%""","2400354
"
"""UA""","""Under Armour"," Inc""",69.15,"""11/12/2014""","""4:04pm""","""+0.83 - +1.21%""","1839940
"
"""UHS""","""Universal Health """,99.06,"""11/12/2014""","""4:02pm""","""+0.24 - +0.24%""","1541231
"
"""UNH""","""UnitedHealth Grou""",95.68,"""11/12/2014""","""4:01pm""","""-0.01 - -0.01%""","2848764
"
"""UNM""","""Unum Group Common""",34.53,"""11/12/2014""","""4:02pm""","""+0.20 - +0.58%""","1870962
"
"""UNP""","""Union Pacific Cor""",120.71,"""11/12/2014""","""4:02pm""","""-0.53 - -0.44%""","3291154
"
"""UPS""","""United Parcel Ser""",108.62,"""11/12/2014""","""4:00pm""","""-0.14 - -0.13%""","3529951
"
"""URBN""","""Urban Outfitters","""",32.03,"""11/12/2014""","""4:00pm""","""+1.22 - +3.96%""","2410494
"
"""URI""","""United Rentals"," I""",114.43,"""11/12/2014""","""4:05pm""","""+0.45 - +0.39%""","985618
"
"""USB""","""U.S. Bancorp Comm""",43.94,"""11/12/2014""","""4:04pm""","""-0.09 - -0.20%""","4874727
"
"""UTX""","""United Technologi""",108.14,"""11/12/2014""","""4:04pm""","""+0.47 - +0.44%""","3131441
"
"""V""","""Visa Inc.""",251.95,"""11/12/2014""","""4:02pm""","""+2.70 - +1.08%""","2696214
"
"""VAR""","""Varian Medical Sy""",87.40,"""11/12/2014""","""4:02pm""","""+0.53 - +0.61%""","900090
"
"""VFC""","""V.F. Corporation """,71.49,"""11/12/2014""","""4:04pm""","""+0.97 - +1.38%""","1645220
"
"""VIAB""","""Viacom Inc.""",69.23,"""11/12/2014""","""3:59pm""","""-0.30 - -0.43%""","3859282
"
"""VLO""","""Valero Energy Cor""",51.33,"""11/12/2014""","""4:02pm""","""+0.17 - +0.33%""","5426998
"
"""VMC""","""Vulcan Materials """,65.46,"""11/12/2014""","""4:04pm""","""+0.11 - +0.17%""","887332
"
"""VNO""","""Vornado Realty Tr""",107.52,"""11/12/2014""","""4:04pm""","""-1.09 - -1.00%""","586054
"
"""VRSN""","""VeriSign"," Inc.""",60.36,"""11/12/2014""","""4:00pm""","""+0.43 - +0.72%""","571572
"
"""VRTX""","""Vertex Pharmaceut""",116.63,"""11/12/2014""","""3:59pm""","""-0.86 - -0.73%""","755847
"
"""VTR""","""Ventas"," Inc. Comm""",68.35,"""11/12/2014""","""4:01pm""","""-0.17 - -0.25%""","1346042
"
"""VZ""","""Verizon Communica""",50.82,"""11/12/2014""","""4:00pm""","""+0.21 - +0.41%""","9654665
"
"""WAG""","""Walgreen Co. Comm""",67.44,"""11/12/2014""","""4:02pm""","""-0.06 - -0.09%""","3692438
"
"""WAT""","""Waters Corporatio""",113.50,"""11/12/2014""","""4:02pm""","""+1.17 - +1.04%""","483646
"
"""WDC""","""Western Digital C""",97.63,"""11/12/2014""","""4:00pm""","""+0.68 - +0.70%""","1541124
"
"""WEC""","""Wisconsin Energy """,48.26,"""11/12/2014""","""4:04pm""","""-1.08 - -2.19%""","2752319
"
"""WFC""","""Wells Fargo & Com""",53.54,"""11/12/2014""","""4:00pm""","""-0.04 - -0.07%""","10129112
"
"""WFM""","""Whole Foods Marke""",47.48,"""11/12/2014""","""4:00pm""","""-0.01 - -0.02%""","4636351
"
"""WHR""","""Whirlpool Corpora""",175.21,"""11/12/2014""","""4:00pm""","""+0.21 - +0.12%""","642372
"
"""WIN""","""Windstream Holdin""",9.69,"""11/12/2014""","""4:00pm""","""+0.18 - +1.89%""","5428460
"
"""WLP""","""WellPoint"," Inc. C""",126.64,"""11/12/2014""","""4:00pm""","""+0.02 - +0.02%""","1036074
"
"""WM""","""Waste Management","""",49.38,"""11/12/2014""","""4:04pm""","""+0.02 - +0.04%""","1228620
"
"""WMB""","""Williams Companie""",54.70,"""11/12/2014""","""4:00pm""","""-0.42 - -0.76%""","3884316
"
"""WMT""","""Wal-Mart Stores"," """,79.20,"""11/12/2014""","""4:01pm""","""+0.19 - +0.24%""","6703538
"
"""WU""","""Western Union Com""",18.39,"""11/12/2014""","""4:00pm""","""+0.08 - +0.44%""","6139554
"
"""WY""","""Weyerhaeuser Comp""",34.03,"""11/12/2014""","""4:03pm""","""-0.22 - -0.64%""","4795601
"
"""WYN""","""Wyndham Worldwide""",80.05,"""11/12/2014""","""4:00pm""","""+0.74 - +0.93%""","1145513
"
"""WYNN""","""Wynn Resorts"," Lim""",180.29,"""11/12/2014""","""4:00pm""","""-0.06 - -0.03%""","1609458
"
"""XEC""","""Cimarex Energy Co""",114.55,"""11/12/2014""","""4:04pm""","""-1.19 - -1.03%""","754684
"
"""XEL""","""Xcel Energy Inc. """,33.41,"""11/12/2014""","""4:02pm""","""-0.47 - -1.39%""","3119058
"
"""XL""","""XL Group plc""",34.64,"""11/12/2014""","""4:03pm""","""+0.11 - +0.32%""","1708776
"
"""XLNX""","""Xilinx"," Inc.""",43.36,"""11/12/2014""","""4:00pm""","""-0.04 - -0.09%""","1628919
"
"""XOM""","""Exxon Mobil Corpo""",95.38,"""11/12/2014""","""4:01pm""","""-1.03 - -1.07%""","11403279
"
"""XRAY""","""DENTSPLY Internat""",51.95,"""11/12/2014""","""4:00pm""","""+0.29 - +0.56%""","645632
"
"""XRX""","""Xerox Corporation""",13.53,"""11/12/2014""","""4:01pm""","""+0.01 - +0.07%""","6882542
"
"""XYL""","""Xylem Inc. Common""",37.55,"""11/12/2014""","""4:03pm""","""+0.20 - +0.54%""","769379
"
"""YHOO""","""Yahoo! Inc.""",50.60,"""11/12/2014""","""4:00pm""","""+1.55 - +3.16%""","30367130
"
"""YUM""","""Yum! Brands"," Inc.""",74.56,"""11/12/2014""","""4:01pm""","""+1.04 - +1.41%""","2782676
"
"""ZION""","""Zions Bancorporat""",29.76,"""11/12/2014""","""4:00pm""","""+0.17 - +0.57%""","1440513
"
"""ZMH""","""Zimmer Holdings"," """,110.87,"""11/12/2014""","""4:01pm""","""-0.20 - -0.18%""","778830
"
"""ZTS""","""Zoetis Inc. Class""",42.64,"""11/12/2014""","""4:03pm""","""-1.08 - -2.47%""","21323172
"
"""A""","""Agilent Technolog""",41.45,"""11/12/2014""","""4:04pm""","""-0.21 - -0.50%""","2499121
"
"""AA""","""Alcoa Inc. Common""",16.88,"""11/12/2014""","""4:04pm""","""+0.43 - +2.61%""","15814123
"
"""AAPL""","""Apple Inc.""",111.25,"""11/12/2014""","""4:00pm""","""+1.55 - +1.41%""","45925248
"
"""ABBV""","""AbbVie Inc. Commo""",63.76,"""11/12/2014""","""4:00pm""","""-0.09 - -0.14%""","5259967
"
"""ABC""","""AmerisourceBergen""",88.71,"""11/12/2014""","""4:02pm""","""+0.78 - +0.89%""","1249404
"
"""ABT""","""Abbott Laboratori""",44.23,"""11/12/2014""","""4:00pm""","""-0.02 - -0.05%""","3391747
"
"""ACE""","""Ace Limited Commo""",110.77,"""11/12/2014""","""4:00pm""","""-0.25 - -0.23%""","969982
"
"""ACN""","""Accenture plc. Cl""",84.12,"""11/12/2014""","""4:01pm""","""+0.18 - +0.21%""","1911555
"
"""ACT""","""Actavis plc Ordin""",240.62,"""11/12/2014""","""4:00pm""","""-3.01 - -1.24%""","3046005
"
"""ADBE""","""Adobe Systems Inc""",71.41,"""11/12/2014""","""4:00pm""","""-0.29 - -0.40%""","1546184
"
"""ADI""","""Analog Devices"," I""",50.255,"""11/12/2014""","""4:00pm""","""+0.115 - +0.23%""","1194412
"
"""ADM""","""Archer-Daniels-Mi""",50.71,"""11/12/2014""","""4:00pm""","""-0.41 - -0.80%""","2209487
"
"""ADP""","""Automatic Data Pr""",85.205,"""11/12/2014""","""4:00pm""","""+0.255 - +0.30%""","1503628
"
"""ADS""","""Alliance Data Sys""",283.23,"""11/12/2014""","""4:00pm""","""-1.05 - -0.37%""","346656
"
"""ADSK""","""Autodesk"," Inc.""",58.98,"""11/12/2014""","""4:00pm""","""-0.01 - -0.02%""","1661702
"
"""ADT""","""ADT Corporation C""",36.77,"""11/12/2014""","""4:04pm""","""+1.12 - +3.14%""","4843254
"
"""AEE""","""Ameren Corporatio""",42.72,"""11/12/2014""","""4:06pm""","""-0.59 - -1.36%""","2001221
"
"""AEP""","""American Electric""",56.87,"""11/12/2014""","""4:04pm""","""-1.07 - -1.85%""","3208192
"
"""AES""","""The AES Corporati""",13.44,"""11/12/2014""","""4:01pm""","""-0.05 - -0.37%""","11946055
"
"""AET""","""Aetna Inc. Common""",84.52,"""11/12/2014""","""4:00pm""","""+0.02 - +0.02%""","1686439
"
"""AFL""","""AFLAC Incorporate""",59.21,"""11/12/2014""","""4:03pm""","""+0.17 - +0.29%""","1684766
"
"""AGN""","""Allergan"," Inc. Co""",196.51,"""11/12/2014""","""4:00pm""","""+1.17 - +0.60%""","3776640
"
"""AIG""","""American Internat""",54.35,"""11/12/2014""","""4:00pm""","""-0.01 - -0.02%""","5925692
"
"""AIV""","""Apartment Investm""",36.11,"""11/12/2014""","""4:04pm""","""-0.15 - -0.41%""","983851
"
"""AIZ""","""Assurant"," Inc. Co""",68.14,"""11/12/2014""","""4:04pm""","""+0.33 - +0.49%""","542387
"
"""AKAM""","""Akamai Technologi""",60.78,"""11/12/2014""","""4:00pm""","""-0.27 - -0.44%""","731490
"
"""ALL""","""Allstate Corporat""",67.17,"""11/12/2014""","""4:05pm""","""+0.54 - +0.81%""","1961152
"
"""ALLE""","""Allegion plc Ordi""",52.50,"""11/12/2014""","""4:03pm""","""-0.02 - -0.04%""","630370
"
"""ALTR""","""Altera Corporatio""",34.94,"""11/12/2014""","""4:00pm""","""-0.08 - -0.23%""","1388594
"
"""ALXN""","""Alexion Pharmaceu""",193.69,"""11/12/2014""","""4:00pm""","""-1.23 - -0.63%""","578434
"
"""AMAT""","""Applied Materials""",22.49,"""11/12/2014""","""4:00pm""","""-0.05 - -0.22%""","9832078
"
"""AME""","""AMETEK"," Inc.""",52.22,"""11/12/2014""","""4:02pm""","""-0.09 - -0.17%""","1825145
"
"""AMG""","""Affiliated Manage""",200.23,"""11/12/2014""","""4:00pm""","""+1.16 - +0.58%""","380031
"
"""AMGN""","""Amgen Inc.""",161.93,"""11/12/2014""","""4:00pm""","""-0.49 - -0.30%""","3357571
"
"""AMP""","""Ameriprise Financ""",130.28,"""11/12/2014""","""4:05pm""","""-0.08 - -0.06%""","625869
"
"""AMT""","""American Tower Co""",99.74,"""11/12/2014""","""4:06pm""","""+0.24 - +0.24%""","1720761
"
"""AMZN""","""Amazon.com"," Inc.""",311.43,"""11/12/2014""","""4:00pm""","""-0.58 - -0.19%""","2111250
"
"""AN""","""AutoNation"," Inc. """,57.87,"""11/12/2014""","""4:01pm""","""0.00 - 0.00%""","573569
"
"""AON""","""Aon plc Class A O""",90.38,"""11/12/2014""","""4:03pm""","""+0.20 - +0.22%""","856495
"
"""APA""","""Apache Corporatio""",73.70,"""11/12/2014""","""4:06pm""","""-1.71 - -2.27%""","2698307
"
"""APC""","""Anadarko Petroleu""",91.42,"""11/12/2014""","""4:00pm""","""-1.59 - -1.71%""","4756751
"
"""APD""","""Air Products and """,134.79,"""11/12/2014""","""4:00pm""","""-0.13 - -0.10%""","823632
"
"""APH""","""Amphenol Corporat""",51.27,"""11/12/2014""","""4:06pm""","""+0.46 - +0.91%""","693260
"
"""ARG""","""Airgas"," Inc. Comm""",114.36,"""11/12/2014""","""4:03pm""","""+0.05 - +0.04%""","178074
"
"""ATI""","""Allegheny Technol""",32.37,"""11/12/2014""","""4:00pm""","""+0.28 - +0.87%""","738497
"
"""AVB""","""AvalonBay Communi""",156.93,"""11/12/2014""","""4:00pm""","""-1.29 - -0.82%""","584354
"
"""AVGO""","""Avago Technologie""",87.05,"""11/12/2014""","""4:00pm""","""+0.89 - +1.03%""","1020709
"
"""AVP""","""Avon Products"," In""",10.58,"""11/12/2014""","""4:00pm""","""+0.12 - +1.15%""","6305312
"
"""AVY""","""Avery Dennison Co""",48.10,"""11/12/2014""","""4:03pm""","""+0.14 - +0.29%""","357243
"
"""AXP""","""American Express """,91.55,"""11/12/2014""","""4:00pm""","""-0.19 - -0.21%""","3771044
"
"""AZO""","""AutoZone"," Inc. Co""",568.80,"""11/12/2014""","""4:01pm""","""-2.07 - -0.36%""","234458
"
"""BA""","""Boeing Company (T""",125.87,"""11/12/2014""","""4:01pm""","""+0.51 - +0.41%""","3041161
"
"""BAC""","""Bank of America C""",17.29,"""11/12/2014""","""4:03pm""","""-0.03 - -0.17%""","47525948
"
"""BAX""","""Baxter Internatio""",71.33,"""11/12/2014""","""4:05pm""","""+0.57 - +0.81%""","2153116
"
"""BBBY""","""Bed Bath & Beyond""",71.24,"""11/12/2014""","""4:00pm""","""+1.26 - +1.80%""","1895690
"
"""BBT""","""BB&T Corporation """,37.67,"""11/12/2014""","""4:03pm""","""-0.66 - -1.72%""","6974535
"
"""BBY""","""Best Buy Co."," Inc""",35.20,"""11/12/2014""","""4:00pm""","""+0.37 - +1.06%""","3472954
"
"""BCR""","""C.R. Bard"," Inc. C""",165.21,"""11/12/2014""","""4:00pm""","""+0.94 - +0.57%""","270117
"
"""BDX""","""Becton"," Dickinson""",129.35,"""11/12/2014""","""4:06pm""","""+0.59 - +0.46%""","982257
"
"""BEN""","""Franklin Resource""",56.97,"""11/12/2014""","""4:02pm""","""-0.02 - -0.04%""","822083
"
"""BF.B""","""BF.B""",0.00,"""N/A""","""N/A""","""N/A - N/A""","N/A
"
"""BHI""","""Baker Hughes Inco""",50.98,"""11/12/2014""","""4:02pm""","""-0.50 - -0.97%""","4143832
"
"""BIIB""","""Biogen Idec Inc.""",321.02,"""11/12/2014""","""4:00pm""","""-3.57 - -1.10%""","740549
"
"""BK""","""Bank of New York """,39.74,"""11/12/2014""","""4:00pm""","""+0.29 - +0.74%""","3584273
"
"""BLK""","""BlackRock"," Inc. C""",349.90,"""11/12/2014""","""4:00pm""","""-1.29 - -0.37%""","450582
"
"""BLL""","""Ball Corporation """,65.55,"""11/12/2014""","""4:06pm""","""-0.34 - -0.52%""","709666
"
"""BMS""","""Bemis Company"," In""",39.06,"""11/12/2014""","""4:00pm""","""-0.04 - -0.10%""","546056
"
"""BMY""","""Bristol-Myers Squ""",58.61,"""11/12/2014""","""4:03pm""","""-0.11 - -0.19%""","3761523
"
"""BRCM""","""Broadcom Corporat""",41.15,"""11/12/2014""","""4:00pm""","""-0.06 - -0.15%""","3605534
"
"""BRK.B""","""BRK.B""",0.00,"""N/A""","""N/A""","""N/A - N/A""","N/A
"
"""BSX""","""Boston Scientific""",13.41,"""11/12/2014""","""4:04pm""","""0.00 - 0.00%""","15376161
"
"""BWA""","""BorgWarner Inc. C""",55.25,"""11/12/2014""","""4:03pm""","""-0.25 - -0.45%""","3536196
"
"""BXP""","""Boston Properties""",126.80,"""11/12/2014""","""4:04pm""","""-0.84 - -0.66%""","755520
"
"""C""","""Citigroup"," Inc. C""",53.42,"""11/12/2014""","""4:01pm""","""-0.39 - -0.72%""","10103267
"
"""CA""","""CA Inc.""",29.625,"""11/12/2014""","""3:59pm""","""+0.045 - +0.15%""","1442650
"
"""CAG""","""ConAgra Foods"," In""",34.65,"""11/12/2014""","""4:00pm""","""+0.45 - +1.32%""","2863735
"
"""CAH""","""Cardinal Health"," """,80.24,"""11/12/2014""","""4:02pm""","""+0.64 - +0.80%""","2601695
"
"""CAM""","""Cameron Internati""",58.63,"""11/12/2014""","""4:01pm""","""-0.34 - -0.58%""","1551117
"
"""CAT""","""Caterpillar"," Inc.""",102.99,"""11/12/2014""","""4:01pm""","""+0.46 - +0.45%""","2763996
"
"""CB""","""Chubb Corporation""",101.52,"""11/12/2014""","""4:01pm""","""+0.03 - +0.03%""","634324
"
"""CBG""","""CBRE Group Inc Co""",32.71,"""11/12/2014""","""4:06pm""","""+0.07 - +0.21%""","1574287
"
"""CBS""","""CBS Corporation C""",51.57,"""11/12/2014""","""4:03pm""","""-0.27 - -0.52%""","7271907
"
"""CCE""","""Coca-Cola Enterpr""",42.86,"""11/12/2014""","""4:05pm""","""+0.31 - +0.73%""","1347041
"
"""CCI""","""Crown Castle Inte""",80.51,"""11/12/2014""","""4:05pm""","""+0.90 - +1.13%""","4777177
"
"""CCL""","""Carnival Corporat""",40.43,"""11/12/2014""","""4:02pm""","""-0.20 - -0.49%""","2823874
"
"""CELG""","""Celgene Corporati""",108.25,"""11/12/2014""","""4:00pm""","""+0.40 - +0.37%""","3397437
"
"""CERN""","""Cerner Corporatio""",63.815,"""11/12/2014""","""4:00pm""","""+0.755 - +1.20%""","1156478
"
"""CF""","""CF Industries Hol""",266.38,"""11/12/2014""","""4:01pm""","""+1.07 - +0.40%""","662145
"
"""CFN""","""CareFusion Corpor""",57.56,"""11/12/2014""","""4:01pm""","""+0.08 - +0.14%""","1020872
"
"""CHK""","""Chesapeake Energy""",23.41,"""11/12/2014""","""4:01pm""","""-0.02 - -0.09%""","11229139
"
"""CHRW""","""C.H. Robinson Wor""",72.86,"""11/12/2014""","""4:00pm""","""+1.11 - +1.55%""","1477602
"
"""CI""","""Cigna Corporation""",102.11,"""11/12/2014""","""4:01pm""","""-0.02 - -0.02%""","1473734
"
"""CINF""","""Cincinnati Financ""",51.27,"""11/12/2014""","""4:00pm""","""+0.09 - +0.18%""","364057
"
"""CL""","""Colgate-Palmolive""",68.70,"""11/12/2014""","""4:01pm""","""+0.23 - +0.34%""","2104100
"
"""CLX""","""Clorox Company (T""",101.52,"""11/12/2014""","""4:02pm""","""+0.17 - +0.17%""","797618
"
"""CMA""","""Comerica Incorpor""",49.04,"""11/12/2014""","""4:04pm""","""+0.52 - +1.07%""","1133350
"
"""CMCSA""","""Comcast Corporati""",53.60,"""11/12/2014""","""4:00pm""","""+0.64 - +1.21%""","28706944
"
"""CME""","""CME Group Inc.""",85.59,"""11/12/2014""","""3:59pm""","""-0.70 - -0.81%""","895829
"
"""CMG""","""Chipotle Mexican """,664.25,"""11/12/2014""","""4:00pm""","""+7.60 - +1.16%""","417245
"
"""CMI""","""Cummins Inc. Comm""",146.49,"""11/12/2014""","""4:00pm""","""-0.11 - -0.08%""","956627
"
"""CMS""","""CMS Energy Corpor""",32.48,"""11/12/2014""","""4:02pm""","""-0.78 - -2.35%""","2986206
"
"""CNP""","""CenterPoint Energ""",24.57,"""11/12/2014""","""4:03pm""","""-0.4925 - -1.97%""","5016000
"
"""CNX""","""CONSOL Energy Inc""",39.43,"""11/12/2014""","""4:04pm""","""+0.45 - +1.15%""","3593669
"
"""COF""","""Capital One Finan""",81.57,"""11/12/2014""","""4:00pm""","""-0.61 - -0.74%""","2371127
"
"""COG""","""Cabot Oil & Gas C""",33.47,"""11/12/2014""","""4:01pm""","""-0.12 - -0.36%""","4065538
"
"""COH""","""Coach"," Inc. Commo""",35.16,"""11/12/2014""","""4:01pm""","""+0.87 - +2.54%""","3640857
"
"""COL""","""Rockwell Collins","""",85.23,"""11/12/2014""","""4:00pm""","""+0.07 - +0.08%""","385737
"
"""COP""","""ConocoPhillips Co""",71.20,"""11/12/2014""","""4:02pm""","""-0.55 - -0.77%""","5668099
"
"""COST""","""Costco Wholesale """,136.90,"""11/12/2014""","""3:59pm""","""-0.15 - -0.11%""","1734412
"
"""COV""","""Covidien plc. Ord""",92.88,"""11/12/2014""","""4:02pm""","""-0.83 - -0.89%""","2084237
"
"""CPB""","""Campbell Soup Com""",43.87,"""11/12/2014""","""4:02pm""","""-0.52 - -1.17%""","1966480
"
"""CRM""","""Salesforce.com In""",63.77,"""11/12/2014""","""4:02pm""","""-0.29 - -0.45%""","2331886
"
"""CSC""","""Computer Sciences""",61.25,"""11/12/2014""","""4:05pm""","""+1.05 - +1.74%""","1783329
"
"""CSCO""","""Cisco Systems"," In""",25.11,"""11/12/2014""","""4:00pm""","""-0.04 - -0.16%""","38398416
"
"""CSX""","""CSX Corporation C""",36.77,"""11/12/2014""","""4:03pm""","""+0.06 - +0.16%""","7169043
"
"""CTAS""","""Cintas Corporatio""",71.31,"""11/12/2014""","""4:00pm""","""+0.21 - +0.30%""","490351
"
"""CTL""","""CenturyLink"," Inc.""",40.50,"""11/12/2014""","""4:02pm""","""+0.53 - +1.33%""","3026035
"
"""CTSH""","""Cognizant Technol""",53.24,"""11/12/2014""","""4:00pm""","""+0.09 - +0.17%""","3287772
"
"""CTXS""","""Citrix Systems"," I""",66.24,"""11/12/2014""","""4:00pm""","""-0.43 - -0.64%""","1033060
"
"""CVC""","""Cablevision Syste""",18.15,"""11/12/2014""","""4:04pm""","""+0.06 - +0.33%""","3239581
"
"""CVS""","""CVS Health Corpor""",89.29,"""11/12/2014""","""4:02pm""","""-0.47 - -0.52%""","2960829
"
"""CVX""","""Chevron Corporati""",117.65,"""11/12/2014""","""4:00pm""","""-0.79 - -0.67%""","4790719
"
"""D""","""Dominion Resource""",72.71,"""11/12/2014""","""4:01pm""","""-1.20 - -1.62%""","2797488
"
"""DAL""","""Delta Air Lines"," """,43.40,"""11/12/2014""","""4:01pm""","""-0.44 - -1.00%""","9483581
"
"""DD""","""E.I. du Pont de N""",70.48,"""11/12/2014""","""4:03pm""","""+0.14 - +0.20%""","2426188
"
"""DE""","""Deere & Company C""",88.27,"""11/12/2014""","""4:03pm""","""-0.18 - -0.20%""","2581990
"
"""DFS""","""Discover Financia""",66.01,"""11/12/2014""","""4:03pm""","""-0.37 - -0.56%""","1572941
"
"""DG""","""Dollar General Co""",64.90,"""11/12/2014""","""4:02pm""","""-0.64 - -0.98%""","3134928
"
"""DGX""","""Quest Diagnostics""",62.89,"""11/12/2014""","""4:00pm""","""-0.11 - -0.17%""","937417
"
"""DHI""","""D.R. Horton"," Inc.""",24.01,"""11/12/2014""","""4:03pm""","""+0.06 - +0.25%""","7857198
"
"""DHR""","""Danaher Corporati""",82.36,"""11/12/2014""","""4:00pm""","""+0.95 - +1.17%""","4657476
"
"""DIS""","""Walt Disney Compa""",89.90,"""11/12/2014""","""4:00pm""","""-0.08 - -0.09%""","5136052
"
"""DISCA""","""Discovery Communi""",31.86,"""11/12/2014""","""4:00pm""","""-0.13 - -0.41%""","4749958
"
"""DISCK""","""Discovery Communi""",31.375,"""11/12/2014""","""4:00pm""","""-0.165 - -0.52%""","2588648
"
"""DLPH""","""Delphi Automotive""",70.45,"""11/12/2014""","""4:05pm""","""+0.21 - +0.30%""","1456646
"
"""DLTR""","""Dollar Tree"," Inc.""",61.82,"""11/12/2014""","""4:00pm""","""+0.31 - +0.50%""","1828215
"
"""DNB""","""Dun & Bradstreet """,125.01,"""11/12/2014""","""4:02pm""","""+1.44 - +1.17%""","97834
"
"""DNR""","""Denbury Resources""",11.68,"""11/12/2014""","""4:01pm""","""-0.11 - -0.93%""","6279362
"
"""DO""","""Diamond Offshore """,35.84,"""11/12/2014""","""4:02pm""","""-0.80 - -2.18%""","1088582
"
"""DOV""","""Dover Corporation""",81.09,"""11/12/2014""","""4:02pm""","""+0.34 - +0.42%""","1071259
"
"""DOW""","""Dow Chemical Comp""",49.90,"""11/12/2014""","""4:04pm""","""+0.38 - +0.77%""","12361745
"
"""DPS""","""Dr Pepper Snapple""",70.66,"""11/12/2014""","""4:02pm""","""+0.92 - +1.32%""","1547687
"
"""DRI""","""Darden Restaurant""",56.36,"""11/12/2014""","""4:00pm""","""+0.64 - +1.15%""","2318134
"
"""DTE""","""DTE Energy Compan""",80.90,"""11/12/2014""","""4:06pm""","""-1.89 - -2.28%""","1567472
"
"""DTV""","""DIRECTV""",87.38,"""11/12/2014""","""4:00pm""","""+0.45 - +0.52%""","1404798
"
"""DUK""","""Duke Energy Corpo""",79.85,"""11/12/2014""","""4:03pm""","""-2.015 - -2.46%""","5504950
"
"""DVA""","""DaVita HealthCare""",76.72,"""11/12/2014""","""4:02pm""","""+0.59 - +0.77%""","2933345
"
"""DVN""","""Devon Energy Corp""",64.07,"""11/12/2014""","""4:01pm""","""-0.49 - -0.76%""","3696031
"
"""EA""","""Electronic Arts I""",41.20,"""11/12/2014""","""4:00pm""","""+0.06 - +0.15%""","2730648
"
"""EBAY""","""eBay Inc.""",54.06,"""11/12/2014""","""4:00pm""","""-0.13 - -0.24%""","5951420
"
"""ECL""","""Ecolab Inc. Commo""",112.98,"""11/12/2014""","""4:01pm""","""+0.19 - +0.17%""","637736
"
"""ED""","""Consolidated Edis""",62.25,"""11/12/2014""","""4:03pm""","""-1.21 - -1.91%""","3050805
"
"""EFX""","""Equifax"," Inc. Com""",78.65,"""11/12/2014""","""4:03pm""","""+0.42 - +0.54%""","392695
"
"""EIX""","""Edison Internatio""",62.40,"""11/12/2014""","""4:03pm""","""-0.81 - -1.28%""","3241806
"
"""EL""","""Estee Lauder Comp""",72.62,"""11/12/2014""","""4:02pm""","""-0.08 - -0.11%""","1336193
"
"""EMC""","""EMC Corporation C""",29.43,"""11/12/2014""","""4:03pm""","""+0.41 - +1.41%""","9667096
"
"""EMN""","""Eastman Chemical """,84.06,"""11/12/2014""","""4:05pm""","""-0.27 - -0.32%""","1257399
"
"""EMR""","""Emerson Electric """,64.05,"""11/12/2014""","""4:00pm""","""-0.04 - -0.06%""","2786942
"
"""EOG""","""EOG Resources"," In""",97.56,"""11/12/2014""","""4:02pm""","""-1.19 - -1.21%""","3361058
"
"""EQR""","""Equity Residentia""",69.31,"""11/12/2014""","""4:00pm""","""-0.65 - -0.93%""","1809898
"
"""EQT""","""EQT Corporation C""",94.25,"""11/12/2014""","""4:04pm""","""-2.01 - -2.09%""","1133285
"
"""ESRX""","""Express Scripts H""",77.84,"""11/12/2014""","""4:00pm""","""+0.10 - +0.13%""","3080536
"
"""ESS""","""Essex Property Tr""",200.44,"""11/12/2014""","""4:00pm""","""-1.89 - -0.93%""","252765
"
"""ESV""","""Ensco plc Class A""",39.27,"""11/12/2014""","""4:02pm""","""-0.16 - -0.41%""","4817217
"
"""ETFC""","""E*TRADE Financial""",22.82,"""11/12/2014""","""3:59pm""","""-0.29 - -1.25%""","3492528
"
"""ETN""","""Eaton Corporation""",67.64,"""11/12/2014""","""4:01pm""","""-0.31 - -0.46%""","2977405
"
"""ETR""","""Entergy Corporati""",81.62,"""11/12/2014""","""4:01pm""","""-1.34 - -1.62%""","2542720
"
"""EW""","""Edwards Lifescien""",122.95,"""11/12/2014""","""4:06pm""","""-1.84 - -1.47%""","977572
"
"""EXC""","""Exelon Corporatio""",35.93,"""11/12/2014""","""4:02pm""","""-1.31 - -3.52%""","9419903
"
"""EXPD""","""Expeditors Intern""",43.91,"""11/12/2014""","""4:00pm""","""-0.35 - -0.79%""","860933
"
"""EXPE""","""Expedia"," Inc.""",87.11,"""11/12/2014""","""4:00pm""","""+0.65 - +0.75%""","1771621
"
"""F""","""Ford Motor Compan""",14.58,"""11/12/2014""","""4:01pm""","""+0.21 - +1.46%""","36101672
"
"""FAST""","""Fastenal Company""",44.65,"""11/12/2014""","""4:00pm""","""+0.22 - +0.50%""","1590653
"
"""FB""","""Facebook"," Inc.""",74.72,"""11/12/2014""","""3:59pm""","""+0.11 - +0.15%""","25868854
"
"""FCX""","""Freeport-McMoRan","""",28.56,"""11/12/2014""","""4:03pm""","""+0.13 - +0.46%""","11434668
"
"""FDO""","""Family Dollar Sto""",78.53,"""11/12/2014""","""4:04pm""","""-0.02 - -0.03%""","228214
"
"""FDX""","""FedEx Corporation""",171.80,"""11/12/2014""","""4:01pm""","""-0.54 - -0.31%""","906100
"
"""FE""","""FirstEnergy Corpo""",36.40,"""11/12/2014""","""4:04pm""","""-0.89 - -2.39%""","3713853
"
"""FFIV""","""F5 Networks"," Inc.""",125.76,"""11/12/2014""","""4:00pm""","""-0.81 - -0.64%""","716723
"
"""FIS""","""Fidelity National""",58.91,"""11/12/2014""","""4:04pm""","""+0.42 - +0.72%""","1211725
"
"""FISV""","""Fiserv"," Inc.""",69.85,"""11/12/2014""","""4:00pm""","""+0.01 - +0.01%""","942178
"
"""FITB""","""Fifth Third Banco""",20.375,"""11/12/2014""","""4:00pm""","""+0.135 - +0.67%""","5657861
"
"""FLIR""","""FLIR Systems"," Inc""",32.975,"""11/12/2014""","""3:59pm""","""-0.015 - -0.05%""","689404
"
"""FLR""","""Fluor Corporation""",65.95,"""11/12/2014""","""4:03pm""","""+0.05 - +0.08%""","1134386
"
"""FLS""","""Flowserve Corpora""",67.23,"""11/12/2014""","""4:03pm""","""+0.39 - +0.58%""","878897
"
"""FMC""","""FMC Corporation C""",56.76,"""11/12/2014""","""4:03pm""","""-0.06 - -0.11%""","656754
"
"""FOSL""","""Fossil Group"," Inc""",112.48,"""11/12/2014""","""4:00pm""","""+8.73 - +8.41%""","4913348
"
"""FOXA""","""Twenty-First Cent""",34.64,"""11/12/2014""","""4:00pm""","""-0.29 - -0.83%""","8180990
"
"""FSLR""","""First Solar"," Inc.""",49.59,"""11/12/2014""","""4:00pm""","""-1.40 - -2.75%""","3792474
"
"""FTI""","""FMC Technologies","""",55.79,"""11/12/2014""","""4:01pm""","""-0.19 - -0.34%""","1846801
"
"""FTR""","""Frontier Communic""",6.78,"""11/12/2014""","""4:00pm""","""+0.28 - +4.31%""","9551747
"
"""GAS""","""AGL Resources"," In""",52.12,"""11/12/2014""","""4:01pm""","""-0.66 - -1.25%""","1411685
"
"""GCI""","""Gannett Co."," Inc.""",30.87,"""11/12/2014""","""4:03pm""","""+0.04 - +0.13%""","1003773
"
"""GD""","""General Dynamics """,141.30,"""11/12/2014""","""4:02pm""","""0.00 - 0.00%""","1224904
"
"""GE""","""General Electric """,26.52,"""11/12/2014""","""4:00pm""","""+0.14 - +0.53%""","27967824
"
"""GGP""","""General Growth Pr""",25.40,"""11/12/2014""","""4:02pm""","""-0.24 - -0.94%""","2447246
"
"""GILD""","""Gilead Sciences"," """,106.78,"""11/12/2014""","""3:59pm""","""-1.23 - -1.14%""","11934741
"
"""GIS""","""General Mills"," In""",50.96,"""11/12/2014""","""4:03pm""","""-0.01 - -0.02%""","2615837
"
"""GLW""","""Corning Incorpora""",20.71,"""11/12/2014""","""4:00pm""","""0.00 - 0.00%""","4135546
"
"""GM""","""General Motors Co""",31.42,"""11/12/2014""","""4:04pm""","""+0.07 - +0.22%""","7434666
"
"""GMCR""","""Keurig Green Moun""",152.73,"""11/12/2014""","""4:00pm""","""-1.96 - -1.27%""","1280147
"
"""GME""","""Gamestop Corporat""",43.41,"""11/12/2014""","""4:02pm""","""+0.91 - +2.14%""","2270855
"
"""GNW""","""Genworth Financia""",8.80,"""11/12/2014""","""4:01pm""","""+0.40 - +4.76%""","27836958
"
"""GOOG""","""Google Inc.""",547.31,"""11/12/2014""","""4:00pm""","""-2.98 - -0.54%""","1117879
"
"""GOOGL""","""Google Inc.""",558.25,"""11/12/2014""","""4:00pm""","""-3.04 - -0.54%""","1046143
"
"""GPC""","""Genuine Parts Com""",100.59,"""11/12/2014""","""4:05pm""","""+0.93 - +0.93%""","542492
"
"""GPS""","""Gap"," Inc. (The) C""",39.19,"""11/12/2014""","""4:01pm""","""+0.37 - +0.95%""","3210544
"
"""GRMN""","""Garmin Ltd.""",56.06,"""11/12/2014""","""4:00pm""","""+0.25 - +0.45%""","1332571
"
"""GS""","""Goldman Sachs Gro""",190.18,"""11/12/2014""","""4:01pm""","""-1.70 - -0.89%""","2293732
"
"""GT""","""The Goodyear Tire""",25.12,"""11/12/2014""","""4:00pm""","""-0.15 - -0.59%""","3027548
"
"""GWW""","""W.W. Grainger"," In""",246.77,"""11/12/2014""","""4:04pm""","""+0.46 - +0.19%""","793848
"
"""HAL""","""Halliburton Compa""",53.23,"""11/12/2014""","""4:01pm""","""-0.49 - -0.91%""","9581181
"
"""HAR""","""Harman Internatio""",107.81,"""11/12/2014""","""4:06pm""","""+0.48 - +0.45%""","677794
"
"""HAS""","""Hasbro"," Inc.""",57.47,"""11/12/2014""","""4:00pm""","""+0.80 - +1.41%""","1078060
"
"""HBAN""","""Huntington Bancsh""",10.165,"""11/12/2014""","""3:59pm""","""+0.045 - +0.44%""","6244625
"
"""HCBK""","""Hudson City Banco""",9.90,"""11/12/2014""","""4:00pm""","""+0.05 - +0.51%""","1956458
"
"""HCN""","""Health Care REIT","""",70.72,"""11/12/2014""","""4:05pm""","""-0.12 - -0.17%""","1232025
"
"""HCP""","""HCP"," Inc. Common """,43.30,"""11/12/2014""","""4:05pm""","""-0.07 - -0.16%""","1831565
"
"""HD""","""Home Depot"," Inc. """,98.49,"""11/12/2014""","""4:00pm""","""+0.35 - +0.36%""","4622394
"
"""HES""","""Hess Corporation """,82.46,"""11/12/2014""","""4:00pm""","""-1.35 - -1.61%""","3520465
"
"""HIG""","""Hartford Financia""",39.96,"""11/12/2014""","""4:01pm""","""-0.20 - -0.50%""","2877817
"
"""HOG""","""Harley-Davidson"," """,67.11,"""11/12/2014""","""4:03pm""","""+0.38 - +0.57%""","1095876
"
"""HON""","""Honeywell Interna""",97.01,"""11/12/2014""","""4:02pm""","""+0.03 - +0.03%""","1806320
"
"""HOT""","""Starwood Hotels &""",77.91,"""11/12/2014""","""4:03pm""","""+0.06 - +0.08%""","1201101
"
"""HP""","""Helmerich & Payne""",85.56,"""11/12/2014""","""4:03pm""","""+0.2375 - +0.28%""","1887208
"
"""HPQ""","""Hewlett-Packard C""",36.51,"""11/12/2014""","""4:00pm""","""-0.25 - -0.68%""","5952623
"
"""HRB""","""H&R Block"," Inc. C""",32.94,"""11/12/2014""","""4:06pm""","""+0.01 - +0.03%""","999796
"
"""HRL""","""Hormel Foods Corp""",54.65,"""11/12/2014""","""4:06pm""","""-0.10 - -0.18%""","546915
"
"""HRS""","""Harris Corporatio""",71.04,"""11/12/2014""","""4:07pm""","""-0.29 - -0.41%""","432754
"
"""HSP""","""Hospira Inc""",58.09,"""11/12/2014""","""4:06pm""","""+0.78 - +1.36%""","1104252
"
"""HST""","""Host Hotels & Res""",22.68,"""11/12/2014""","""4:01pm""","""-0.08 - -0.35%""","3523991
"
"""HSY""","""The Hershey Compa""",96.60,"""11/12/2014""","""4:03pm""","""+0.13 - +0.13%""","723318
"
"""HUM""","""Humana Inc. Commo""",137.25,"""11/12/2014""","""4:04pm""","""+0.81 - +0.59%""","1116145
"
"""IBM""","""International Bus""",161.92,"""11/12/2014""","""4:02pm""","""-1.38 - -0.85%""","3339367
"
"""ICE""","""Intercontinental """,221.20,"""11/12/2014""","""4:05pm""","""-0.04 - -0.02%""","837346
"
"""IFF""","""Internationa Flav""",100.08,"""11/12/2014""","""4:02pm""","""+0.29 - +0.29%""","265646
"
"""INTC""","""Intel Corporation""",33.38,"""11/12/2014""","""4:00pm""","""+0.07 - +0.21%""","22741052
"
"""INTU""","""Intuit Inc.""",89.62,"""11/12/2014""","""4:00pm""","""-1.09 - -1.20%""","1283228
"
"""IP""","""International Pap""",54.05,"""11/12/2014""","""4:02pm""","""+0.43 - +0.80%""","2407764
"
"""IPG""","""Interpublic Group""",19.42,"""11/12/2014""","""4:03pm""","""+0.05 - +0.26%""","1496655
"
"""IR""","""Ingersoll-Rand pl""",63.00,"""11/12/2014""","""4:04pm""","""-0.05 - -0.08%""","1463799
"
"""IRM""","""Iron Mountain Inc""",38.05,"""11/12/2014""","""4:04pm""","""+0.22 - +0.58%""","1289912
"
"""ISRG""","""Intuitive Surgica""",513.24,"""11/12/2014""","""4:00pm""","""-1.10 - -0.21%""","159016
"
"""ITW""","""Illinois Tool Wor""",93.23,"""11/12/2014""","""4:03pm""","""+0.23 - +0.25%""","1273876
"
"""IVZ""","""Invesco Plc New C""",40.86,"""11/12/2014""","""4:02pm""","""-0.19 - -0.46%""","2400991
"
"""JBL""","""Jabil Circuit"," In""",21.35,"""11/12/2014""","""4:05pm""","""+0.32 - +1.52%""","2486786
"
"""JCI""","""Johnson Controls","""",49.54,"""11/12/2014""","""4:02pm""","""-0.04 - -0.08%""","3699359
"
"""JEC""","""Jacobs Engineerin""",48.40,"""11/12/2014""","""4:03pm""","""+0.82 - +1.72%""","1037186
"
"""JNJ""","""Johnson & Johnson""",108.75,"""11/12/2014""","""4:01pm""","""-0.16 - -0.15%""","4775732
"
"""JNPR""","""Juniper Networks","""",20.87,"""11/12/2014""","""4:01pm""","""+0.59 - +2.91%""","9735060
"
"""JOY""","""Joy Global Inc. C""",53.75,"""11/12/2014""","""4:06pm""","""-0.32 - -0.59%""","664562
"
"""JPM""","""JP Morgan Chase &""",60.56,"""11/12/2014""","""4:00pm""","""-0.81 - -1.32%""","17089444
"
"""JWN""","""Nordstrom"," Inc. C""",72.85,"""11/12/2014""","""4:03pm""","""+2.37 - +3.36%""","2673919
"
"""K""","""Kellogg Company C""",63.68,"""11/12/2014""","""4:03pm""","""-0.07 - -0.11%""","1376253
"
"""KEY""","""KeyCorp Common St""",13.48,"""11/12/2014""","""4:01pm""","""0.00 - 0.00%""","8021032
"
"""KIM""","""Kimco Realty Corp""",24.60,"""11/12/2014""","""4:05pm""","""-0.18 - -0.73%""","3059499
"
"""KLAC""","""KLA-Tencor Corpor""",79.72,"""11/12/2014""","""3:59pm""","""-0.47 - -0.59%""","882146
"
"""KMB""","""Kimberly-Clark Co""",113.38,"""11/12/2014""","""4:00pm""","""+0.01 - +0.01%""","1400955
"
"""KMI""","""Kinder Morgan"," In""",38.53,"""11/12/2014""","""4:00pm""","""-0.01 - -0.03%""","15954925
"
"""KMX""","""CarMax Inc""",55.90,"""11/12/2014""","""4:02pm""","""+0.16 - +0.29%""","1351312
"
"""KO""","""Coca-Cola Company""",42.71,"""11/12/2014""","""4:00pm""","""+0.20 - +0.47%""","12741796
"
"""KORS""","""Michael Kors Hold""",71.00,"""11/12/2014""","""4:01pm""","""+2.11 - +3.06%""","6491291
"
"""KR""","""Kroger Company (T""",58.38,"""11/12/2014""","""4:00pm""","""+0.285 - +0.49%""","2417996
"
"""KRFT""","""Kraft Foods Group""",57.46,"""11/12/2014""","""4:00pm""","""-0.42 - -0.73%""","2543995
"
"""KSS""","""Kohl's Corporatio""",57.91,"""11/12/2014""","""4:02pm""","""+1.68 - +2.99%""","4020731
"
"""KSU""","""Kansas City South""",123.55,"""11/12/2014""","""4:03pm""","""-1.29 - -1.03%""","645112
"
"""L""","""Loews Corporation""",43.25,"""11/12/2014""","""4:04pm""","""-0.23 - -0.53%""","745309
"
"""LB""","""L Brands"," Inc.""",77.94,"""11/12/2014""","""4:01pm""","""+1.24 - +1.62%""","1796961
"
"""LEG""","""Leggett & Platt"," """,41.45,"""11/12/2014""","""4:04pm""","""+0.15 - +0.36%""","1345122
"
"""LEN""","""Lennar Corporatio""",45.56,"""11/12/2014""","""4:05pm""","""-0.83 - -1.79%""","6259327
"
"""LH""","""Laboratory Corpor""",100.70,"""11/12/2014""","""4:02pm""","""+0.61 - +0.61%""","1866380
"
"""LLL""","""L-3 Communication""",117.22,"""11/12/2014""","""4:02pm""","""-1.48 - -1.25%""","1288081
"
"""LLTC""","""Linear Technology""",43.105,"""11/12/2014""","""4:00pm""","""-0.125 - -0.29%""","1332796
"
"""LLY""","""Eli Lilly and Com""",67.40,"""11/12/2014""","""4:00pm""","""+0.04 - +0.06%""","4442030
"
"""LM""","""Legg Mason"," Inc. """,54.03,"""11/12/2014""","""4:02pm""","""-0.35 - -0.64%""","518281
"
"""LMT""","""Lockheed Martin C""",186.87,"""11/12/2014""","""4:01pm""","""-0.25 - -0.13%""","788843
"
"""LNC""","""Lincoln National """,56.06,"""11/12/2014""","""4:03pm""","""-0.22 - -0.39%""","1492710
"
"""LO""","""Lorillard"," Inc Co""",62.08,"""11/12/2014""","""4:02pm""","""+0.18 - +0.29%""","1181588
"
"""LOW""","""Lowe's Companies","""",58.22,"""11/12/2014""","""4:03pm""","""+0.22 - +0.38%""","5107379
"
"""LRCX""","""Lam Research Corp""",78.97,"""11/12/2014""","""4:00pm""","""-1.01 - -1.26%""","1502493
"
"""LUK""","""Leucadia National""",24.45,"""11/12/2014""","""4:05pm""","""+0.08 - +0.33%""","758743
"
"""LUV""","""Southwest Airline""",39.37,"""11/12/2014""","""4:01pm""","""0.00 - 0.00%""","6027478
"
"""LYB""","""LyondellBasell In""",88.59,"""11/12/2014""","""4:00pm""","""+0.05 - +0.06%""","5518393
"
"""M""","""Macy's Inc Common""",61.57,"""11/12/2014""","""4:00pm""","""+2.98 - +5.09%""","17108128
"
"""MA""","""Mastercard Incorp""",84.35,"""11/12/2014""","""4:01pm""","""-0.24 - -0.28%""","3093936
"
"""MAC""","""Macerich Company """,68.60,"""11/12/2014""","""4:00pm""","""-0.77 - -1.11%""","745886
"
"""MAR""","""Marriott Internat""",77.295,"""11/12/2014""","""3:59pm""","""+0.155 - +0.20%""","1258947
"
"""MAS""","""Masco Corporation""",23.19,"""11/12/2014""","""4:04pm""","""-0.03 - -0.13%""","2433149
"
"""MAT""","""Mattel"," Inc.""",31.31,"""11/12/2014""","""4:00pm""","""+0.555 - +1.80%""","3102051
"
"""MCD""","""McDonald's Corpor""",95.33,"""11/12/2014""","""4:00pm""","""+0.19 - +0.20%""","2699582
"
"""MCHP""","""Microchip Technol""",43.38,"""11/12/2014""","""4:00pm""","""0.00 - 0.00%""","3751359
"
"""MCK""","""McKesson Corporat""",203.13,"""11/12/2014""","""4:02pm""","""+0.01 - +0.00%""","864635
"
"""MCO""","""Moody's Corporati""",100.08,"""11/12/2014""","""4:04pm""","""+0.77 - +0.78%""","1119094
"
"""MDLZ""","""Mondelez Internat""",37.92,"""11/12/2014""","""3:59pm""","""+0.15 - +0.40%""","5225702
"
"""MDT""","""Medtronic Inc. Co""",68.50,"""11/12/2014""","""4:01pm""","""-0.49 - -0.71%""","4562819
"
"""MET""","""MetLife"," Inc. Com""",55.11,"""11/12/2014""","""4:05pm""","""-0.05 - -0.09%""","3633747
"
"""MHFI""","""McGraw Hill Finan""",90.51,"""11/12/2014""","""4:02pm""","""+1.10 - +1.23%""","956596
"
"""MHK""","""Mohawk Industries""",143.22,"""11/12/2014""","""4:02pm""","""+0.16 - +0.11%""","381892
"
"""MJN""","""Mead Johnson Nutr""",99.61,"""11/12/2014""","""4:03pm""","""+0.35 - +0.35%""","1073314
"
"""MKC""","""McCormick & Compa""",73.23,"""11/12/2014""","""4:05pm""","""+0.01 - +0.01%""","402391
"
"""MLM""","""Martin Marietta M""",126.32,"""11/12/2014""","""4:00pm""","""+0.75 - +0.60%""","578611
"
"""MMC""","""Marsh & McLennan """,56.02,"""11/12/2014""","""4:01pm""","""-0.13 - -0.23%""","1670629
"
"""MMM""","""3M Company Common""",157.68,"""11/12/2014""","""4:01pm""","""+0.57 - +0.36%""","1498529
"
"""MNK""","""Mallinckrodt plc """,92.99,"""11/12/2014""","""4:01pm""","""-0.72 - -0.77%""","593977
"
