"""A""",40.785,"""11/19/2014""","""3:56pm""
"
"""AA""",16.70,"""11/19/2014""","""3:56pm""
"
"""AAPL""",114.80,"""11/19/2014""","""3:56pm""
"
"""ABBV""",65.50,"""11/19/2014""","""3:56pm""
"
"""ABC""",89.30,"""11/19/2014""","""3:56pm""
"
"""ABT""",43.445,"""11/19/2014""","""3:56pm""
"
"""ACE""",112.25,"""11/19/2014""","""3:56pm""
"
"""ACN""",83.67,"""11/19/2014""","""3:56pm""
"
"""ACT""",265.87,"""11/19/2014""","""3:56pm""
"
"""ADBE""",70.90,"""11/19/2014""","""3:56pm""
"
"""ADI""",50.77,"""11/19/2014""","""3:56pm""
"
"""ADM""",52.24,"""11/19/2014""","""3:56pm""
"
"""ADP""",84.31,"""11/19/2014""","""3:56pm""
"
"""ADS""",280.75,"""11/19/2014""","""3:56pm""
"
"""ADSK""",59.15,"""11/19/2014""","""3:56pm""
"
"""ADT""",35.36,"""11/19/2014""","""3:56pm""
"
"""AEE""",43.025,"""11/19/2014""","""3:56pm""
"
"""AEP""",57.235,"""11/19/2014""","""3:56pm""
"
"""AES""",13.905,"""11/19/2014""","""3:56pm""
"
"""AET""",85.50,"""11/19/2014""","""3:56pm""
"
"""AFL""",59.055,"""11/19/2014""","""3:56pm""
"
"""AGN""",212.33,"""11/19/2014""","""3:56pm""
"
"""AIG""",54.005,"""11/19/2014""","""3:56pm""
"
"""AIV""",36.50,"""11/19/2014""","""3:56pm""
"
"""AIZ""",67.74,"""11/19/2014""","""3:56pm""
"
"""AKAM""",61.60,"""11/19/2014""","""3:56pm""
"
"""ALL""",67.37,"""11/19/2014""","""3:56pm""
"
"""ALLE""",53.96,"""11/19/2014""","""3:56pm""
"
"""ALTR""",35.735,"""11/19/2014""","""3:56pm""
"
"""ALXN""",192.06,"""11/19/2014""","""3:56pm""
"
"""AMAT""",22.60,"""11/19/2014""","""3:56pm""
"
"""AME""",51.045,"""11/19/2014""","""3:56pm""
"
"""AMG""",198.06,"""11/19/2014""","""3:56pm""
"
"""AMGN""",162.81,"""11/19/2014""","""3:56pm""
"
"""AMP""",130.115,"""11/19/2014""","""3:56pm""
"
"""AMT""",100.86,"""11/19/2014""","""3:56pm""
"
"""AMZN""",326.48,"""11/19/2014""","""3:56pm""
"
"""AN""",57.96,"""11/19/2014""","""3:56pm""
"
"""AON""",90.405,"""11/19/2014""","""3:56pm""
"
"""APA""",72.04,"""11/19/2014""","""3:56pm""
"
"""APC""",90.26,"""11/19/2014""","""3:56pm""
"
"""APD""",142.13,"""11/19/2014""","""3:56pm""
"
"""APH""",51.50,"""11/19/2014""","""3:56pm""
"
"""ARG""",115.77,"""11/19/2014""","""3:56pm""
"
"""ATI""",32.62,"""11/19/2014""","""3:56pm""
"
"""AVB""",156.87,"""11/19/2014""","""3:56pm""
"
"""AVGO""",89.35,"""11/19/2014""","""3:56pm""
"
"""AVP""",9.45,"""11/19/2014""","""3:56pm""
"
"""AVY""",47.95,"""11/19/2014""","""3:56pm""
"
"""AXP""",90.52,"""11/19/2014""","""3:56pm""
"
"""AZO""",569.34,"""11/19/2014""","""3:56pm""
"
"""BA""",131.66,"""11/19/2014""","""3:56pm""
"
"""BAC""",17.07,"""11/19/2014""","""3:56pm""
"
"""BAX""",72.39,"""11/19/2014""","""3:56pm""
"
"""BBBY""",71.375,"""11/19/2014""","""3:56pm""
"
"""BBT""",37.625,"""11/19/2014""","""3:56pm""
"
"""BBY""",35.555,"""11/19/2014""","""3:56pm""
"
"""BCR""",166.59,"""11/19/2014""","""3:56pm""
"
"""BDX""",130.14,"""11/19/2014""","""3:56pm""
"
"""BEN""",56.47,"""11/19/2014""","""3:56pm""
"
"""BF-B""",94.04,"""11/19/2014""","""3:55pm""
"
"""BHI""",63.50,"""11/19/2014""","""3:56pm""
"
"""BIIB""",304.20,"""11/19/2014""","""3:56pm""
"
"""BK""",39.76,"""11/19/2014""","""3:56pm""
"
"""BLK""",346.41,"""11/19/2014""","""3:56pm""
"
"""BLL""",64.515,"""11/19/2014""","""3:56pm""
"
"""BMS""",39.05,"""11/19/2014""","""3:56pm""
"
"""BMY""",58.79,"""11/19/2014""","""3:56pm""
"
"""BRCM""",41.90,"""11/19/2014""","""3:56pm""
"
"""BRK-B""",145.61,"""11/19/2014""","""3:56pm""
"
"""BSX""",13.08,"""11/19/2014""","""3:56pm""
"
"""BWA""",57.10,"""11/19/2014""","""3:56pm""
"
"""BXP""",127.97,"""11/19/2014""","""3:56pm""
"
"""C""",53.695,"""11/19/2014""","""3:56pm""
"
"""CA""",30.03,"""11/19/2014""","""3:56pm""
"
"""CAG""",35.54,"""11/19/2014""","""3:56pm""
"
"""CAH""",79.71,"""11/19/2014""","""3:56pm""
"
"""CAM""",58.10,"""11/19/2014""","""3:56pm""
"
"""CAT""",101.31,"""11/19/2014""","""3:56pm""
"
"""CB""",102.16,"""11/19/2014""","""3:57pm""
"
"""CBG""",32.905,"""11/19/2014""","""3:57pm""
"
"""CBS""",53.24,"""11/19/2014""","""3:57pm""
"
"""CCE""",43.55,"""11/19/2014""","""3:56pm""
"
"""CCI""",80.76,"""11/19/2014""","""3:57pm""
"
"""CCL""",41.605,"""11/19/2014""","""3:57pm""
"
"""CELG""",107.12,"""11/19/2014""","""3:57pm""
"
"""CERN""",63.57,"""11/19/2014""","""3:57pm""
"
"""CF""",271.91,"""11/19/2014""","""3:57pm""
"
"""CFN""",57.71,"""11/19/2014""","""3:57pm""
"
"""CHK""",23.055,"""11/19/2014""","""3:57pm""
"
"""CHRW""",71.46,"""11/19/2014""","""3:57pm""
"
"""CI""",102.65,"""11/19/2014""","""3:57pm""
"
"""CINF""",50.805,"""11/19/2014""","""3:57pm""
"
"""CL""",68.27,"""11/19/2014""","""3:57pm""
"
"""CLX""",100.86,"""11/19/2014""","""3:57pm""
"
"""CMA""",47.95,"""11/19/2014""","""3:57pm""
"
"""CMCSA""",54.37,"""11/19/2014""","""3:57pm""
"
"""CME""",83.815,"""11/19/2014""","""3:57pm""
"
"""CMG""",658.04,"""11/19/2014""","""3:57pm""
"
"""CMI""",143.09,"""11/19/2014""","""3:57pm""
"
"""CMS""",32.68,"""11/19/2014""","""3:57pm""
"
"""CNP""",24.375,"""11/19/2014""","""3:57pm""
"
"""CNX""",40.825,"""11/19/2014""","""3:57pm""
"
"""COF""",80.66,"""11/19/2014""","""3:57pm""
"
"""COG""",34.02,"""11/19/2014""","""3:57pm""
"
"""COH""",35.425,"""11/19/2014""","""3:57pm""
"
"""COL""",84.34,"""11/19/2014""","""3:57pm""
"
"""COP""",72.13,"""11/19/2014""","""3:57pm""
"
"""COST""",140.04,"""11/19/2014""","""3:57pm""
"
"""COV""",97.51,"""11/19/2014""","""3:57pm""
"
"""CPB""",44.83,"""11/19/2014""","""3:57pm""
"
"""CRM""",61.15,"""11/19/2014""","""3:57pm""
"
"""CSC""",62.31,"""11/19/2014""","""3:57pm""
"
"""CSCO""",26.605,"""11/19/2014""","""3:57pm""
"
"""CSX""",36.865,"""11/19/2014""","""3:57pm""
"
"""CTAS""",71.71,"""11/19/2014""","""3:57pm""
"
"""CTL""",41.105,"""11/19/2014""","""3:57pm""
"
"""CTSH""",52.425,"""11/19/2014""","""3:57pm""
"
"""CTXS""",64.63,"""11/19/2014""","""3:57pm""
"
"""CVC""",18.93,"""11/19/2014""","""3:57pm""
"
"""CVS""",89.62,"""11/19/2014""","""3:57pm""
"
"""CVX""",116.50,"""11/19/2014""","""3:57pm""
"
"""D""",72.465,"""11/19/2014""","""3:57pm""
"
"""DAL""",44.44,"""11/19/2014""","""3:57pm""
"
"""DD""",71.26,"""11/19/2014""","""3:57pm""
"
"""DE""",86.285,"""11/19/2014""","""3:57pm""
"
"""DFS""",64.435,"""11/19/2014""","""3:57pm""
"
"""DG""",66.19,"""11/19/2014""","""3:57pm""
"
"""DGX""",63.44,"""11/19/2014""","""3:57pm""
"
"""DHI""",24.85,"""11/19/2014""","""3:57pm""
"
"""DHR""",82.585,"""11/19/2014""","""3:57pm""
"
"""DIS""",89.82,"""11/19/2014""","""3:57pm""
"
"""DISCA""",32.945,"""11/19/2014""","""3:57pm""
"
"""DISCK""",32.435,"""11/19/2014""","""3:57pm""
"
"""DLPH""",71.125,"""11/19/2014""","""3:57pm""
"
"""DLTR""",62.61,"""11/19/2014""","""3:57pm""
"
"""DNB""",125.48,"""11/19/2014""","""3:57pm""
"
"""DNR""",9.725,"""11/19/2014""","""3:57pm""
"
"""DO""",35.43,"""11/19/2014""","""3:57pm""
"
"""DOV""",80.735,"""11/19/2014""","""3:57pm""
"
"""DOW""",51.47,"""11/19/2014""","""3:57pm""
"
"""DPS""",71.17,"""11/19/2014""","""3:57pm""
"
"""DRI""",55.595,"""11/19/2014""","""3:57pm""
"
"""DTE""",81.19,"""11/19/2014""","""3:57pm""
"
"""DTV""",87.225,"""11/19/2014""","""3:57pm""
"
"""DUK""",80.40,"""11/19/2014""","""3:57pm""
"
"""DVA""",75.10,"""11/19/2014""","""3:57pm""
"
"""DVN""",64.879,"""11/19/2014""","""3:57pm""
"
"""EA""",43.45,"""11/19/2014""","""3:57pm""
"
"""EBAY""",54.845,"""11/19/2014""","""3:57pm""
"
"""ECL""",113.23,"""11/19/2014""","""3:57pm""
"
"""ED""",62.36,"""11/19/2014""","""3:57pm""
"
"""EFX""",78.33,"""11/19/2014""","""3:57pm""
"
"""EIX""",62.51,"""11/19/2014""","""3:57pm""
"
"""EL""",72.81,"""11/19/2014""","""3:57pm""
"
"""EMC""",29.955,"""11/19/2014""","""3:57pm""
"
"""EMN""",85.28,"""11/19/2014""","""3:57pm""
"
"""EMR""",64.16,"""11/19/2014""","""3:57pm""
"
"""EOG""",98.33,"""11/19/2014""","""3:57pm""
"
"""EQR""",69.2425,"""11/19/2014""","""3:57pm""
"
"""EQT""",95.95,"""11/19/2014""","""3:57pm""
"
"""ESRX""",79.46,"""11/19/2014""","""3:57pm""
"
"""ESS""",197.86,"""11/19/2014""","""3:57pm""
"
"""ESV""",38.72,"""11/19/2014""","""3:57pm""
"
"""ETFC""",22.655,"""11/19/2014""","""3:57pm""
"
"""ETN""",66.83,"""11/19/2014""","""3:57pm""
"
"""ETR""",83.315,"""11/19/2014""","""3:57pm""
"
"""EW""",125.75,"""11/19/2014""","""3:57pm""
"
"""EXC""",36.06,"""11/19/2014""","""3:57pm""
"
"""EXPD""",43.74,"""11/19/2014""","""3:57pm""
"
"""EXPE""",87.01,"""11/19/2014""","""3:57pm""
"
"""F""",15.45,"""11/19/2014""","""3:57pm""
"
"""FAST""",44.722,"""11/19/2014""","""3:57pm""
"
"""FB""",73.33,"""11/19/2014""","""3:57pm""
"
"""FCX""",28.075,"""11/19/2014""","""3:57pm""
"
"""FDO""",78.39,"""11/19/2014""","""3:57pm""
"
"""FDX""",171.60,"""11/19/2014""","""3:57pm""
"
"""FE""",37.005,"""11/19/2014""","""3:57pm""
"
"""FFIV""",126.50,"""11/19/2014""","""3:57pm""
"
"""FIS""",59.79,"""11/19/2014""","""3:57pm""
"
"""FISV""",70.41,"""11/19/2014""","""3:57pm""
"
"""FITB""",20.025,"""11/19/2014""","""3:57pm""
"
"""FLIR""",31.815,"""11/19/2014""","""3:57pm""
"
"""FLR""",66.32,"""11/19/2014""","""3:57pm""
"
"""FLS""",65.99,"""11/19/2014""","""3:57pm""
"
"""FMC""",56.31,"""11/19/2014""","""3:57pm""
"
"""FOSL""",107.40,"""11/19/2014""","""3:57pm""
"
"""FOXA""",35.02,"""11/19/2014""","""3:57pm""
"
"""FSLR""",48.87,"""11/19/2014""","""3:57pm""
"
"""FTI""",54.25,"""11/19/2014""","""3:57pm""
"
"""FTR""",6.99,"""11/19/2014""","""3:57pm""
"
"""GAS""",51.37,"""11/19/2014""","""3:57pm""
"
"""GCI""",31.36,"""11/19/2014""","""3:57pm""
"
"""GD""",143.36,"""11/19/2014""","""3:57pm""
"
"""GE""",26.92,"""11/19/2014""","""3:57pm""
"
"""GGP""",26.16,"""11/19/2014""","""3:57pm""
"
"""GILD""",102.42,"""11/19/2014""","""3:57pm""
"
"""GIS""",51.94,"""11/19/2014""","""3:57pm""
"
"""GLW""",20.475,"""11/19/2014""","""3:57pm""
"
"""GM""",32.13,"""11/19/2014""","""3:57pm""
"
"""GMCR""",154.10,"""11/19/2014""","""3:57pm""
"
"""GME""",43.59,"""11/19/2014""","""3:57pm""
"
"""GNW""",9.12,"""11/19/2014""","""3:57pm""
"
"""GOOG""",537.46,"""11/19/2014""","""3:57pm""
"
"""GOOGL""",547.60,"""11/19/2014""","""3:57pm""
"
"""GPC""",100.17,"""11/19/2014""","""3:57pm""
"
"""GPS""",39.53,"""11/19/2014""","""3:57pm""
"
"""GRMN""",59.17,"""11/19/2014""","""3:58pm""
"
"""GS""",189.27,"""11/19/2014""","""3:58pm""
"
"""GT""",25.975,"""11/19/2014""","""3:58pm""
"
"""GWW""",244.30,"""11/19/2014""","""3:58pm""
"
"""HAL""",48.505,"""11/19/2014""","""3:58pm""
"
"""HAR""",108.14,"""11/19/2014""","""3:57pm""
"
"""HAS""",56.14,"""11/19/2014""","""3:57pm""
"
"""HBAN""",10.115,"""11/19/2014""","""3:58pm""
"
"""HCBK""",9.645,"""11/19/2014""","""3:58pm""
"
"""HCN""",71.55,"""11/19/2014""","""3:58pm""
"
"""HCP""",43.19,"""11/19/2014""","""3:58pm""
"
"""HD""",96.6301,"""11/19/2014""","""3:58pm""
"
"""HES""",82.38,"""11/19/2014""","""3:58pm""
"
"""HIG""",40.79,"""11/19/2014""","""3:58pm""
"
"""HOG""",69.18,"""11/19/2014""","""3:58pm""
"
"""HON""",96.57,"""11/19/2014""","""3:58pm""
"
"""HOT""",76.51,"""11/19/2014""","""3:58pm""
"
"""HP""",78.04,"""11/19/2014""","""3:58pm""
"
"""HPQ""",37.16,"""11/19/2014""","""3:58pm""
"
"""HRB""",32.533,"""11/19/2014""","""3:58pm""
"
"""HRL""",55.25,"""11/19/2014""","""3:58pm""
"
"""HRS""",70.87,"""11/19/2014""","""3:58pm""
"
"""HSP""",58.81,"""11/19/2014""","""3:58pm""
"
"""HST""",22.445,"""11/19/2014""","""3:58pm""
"
"""HSY""",95.99,"""11/19/2014""","""3:58pm""
"
"""HUM""",136.47,"""11/19/2014""","""3:59pm""
"
"""IBM""",161.38,"""11/19/2014""","""3:59pm""
"
"""ICE""",220.75,"""11/19/2014""","""3:59pm""
"
"""IFF""",98.59,"""11/19/2014""","""3:59pm""
"
"""INTC""",34.34,"""11/19/2014""","""3:59pm""
"
"""INTU""",91.34,"""11/19/2014""","""3:59pm""
"
"""IP""",54.34,"""11/19/2014""","""3:59pm""
"
"""IPG""",19.86,"""11/19/2014""","""3:59pm""
"
"""IR""",62.71,"""11/19/2014""","""3:59pm""
"
"""IRM""",37.70,"""11/19/2014""","""3:59pm""
"
"""ISRG""",512.73,"""11/19/2014""","""3:59pm""
"
"""ITW""",94.57,"""11/19/2014""","""3:59pm""
"
"""IVZ""",39.44,"""11/19/2014""","""3:59pm""
"
"""JBL""",20.58,"""11/19/2014""","""3:59pm""
"
"""JCI""",50.18,"""11/19/2014""","""3:59pm""
"
"""JEC""",47.20,"""11/19/2014""","""3:59pm""
"
"""JNJ""",108.75,"""11/19/2014""","""3:59pm""
"
"""JNPR""",21.44,"""11/19/2014""","""3:59pm""
"
"""JOY""",52.23,"""11/19/2014""","""3:59pm""
"
"""JPM""",60.61,"""11/19/2014""","""3:59pm""
"
"""JWN""",73.83,"""11/19/2014""","""3:59pm""
"
"""K""",65.87,"""11/19/2014""","""3:59pm""
"
"""KEY""",13.285,"""11/19/2014""","""3:59pm""
"
"""KIM""",24.65,"""11/19/2014""","""3:59pm""
"
"""KLAC""",81.02,"""11/19/2014""","""3:59pm""
"
"""KMB""",113.82,"""11/19/2014""","""3:59pm""
"
"""KMI""",40.93,"""11/19/2014""","""3:59pm""
"
"""KMX""",55.04,"""11/19/2014""","""4:00pm""
"
"""KO""",44.21,"""11/19/2014""","""4:00pm""
"
"""KORS""",72.45,"""11/19/2014""","""4:00pm""
"
"""KR""",58.50,"""11/19/2014""","""4:00pm""
"
"""KRFT""",58.37,"""11/19/2014""","""4:00pm""
"
"""KSS""",57.39,"""11/19/2014""","""4:00pm""
"
"""KSU""",122.90,"""11/19/2014""","""4:00pm""
"
"""L""",42.635,"""11/19/2014""","""4:00pm""
"
"""LB""",77.66,"""11/19/2014""","""4:00pm""
"
"""LEG""",41.31,"""11/19/2014""","""4:00pm""
"
"""LEN""",45.73,"""11/19/2014""","""4:00pm""
"
"""LH""",100.91,"""11/19/2014""","""4:00pm""
"
"""LLL""",120.87,"""11/19/2014""","""4:00pm""
"
"""LLTC""",43.50,"""11/19/2014""","""4:00pm""
"
"""LLY""",67.21,"""11/19/2014""","""4:00pm""
"
"""LM""",55.13,"""11/19/2014""","""4:00pm""
"
"""LMT""",185.97,"""11/19/2014""","""4:00pm""
"
"""LNC""",56.31,"""11/19/2014""","""4:00pm""
"
"""LO""",62.84,"""11/19/2014""","""4:00pm""
"
"""LOW""",62.255,"""11/19/2014""","""4:00pm""
"
"""LRCX""",78.51,"""11/19/2014""","""4:00pm""
"
"""LUK""",24.25,"""11/19/2014""","""4:00pm""
"
"""LUV""",39.26,"""11/19/2014""","""4:00pm""
"
"""LYB""",89.35,"""11/19/2014""","""4:00pm""
"
"""M""",61.97,"""11/19/2014""","""4:00pm""
"
"""MA""",84.28,"""11/19/2014""","""4:00pm""
"
"""MAC""",76.505,"""11/19/2014""","""4:00pm""
"
"""MAR""",76.38,"""11/19/2014""","""4:00pm""
"
"""MAS""",23.41,"""11/19/2014""","""4:00pm""
"
"""MAT""",31.09,"""11/19/2014""","""4:00pm""
"
"""MCD""",96.58,"""11/19/2014""","""4:00pm""
"
"""MCHP""",43.15,"""11/19/2014""","""4:00pm""
"
"""MCK""",206.27,"""11/19/2014""","""4:00pm""
"
"""MCO""",100.60,"""11/19/2014""","""4:00pm""
"
"""MDLZ""",39.10,"""11/19/2014""","""4:00pm""
"
"""MDT""",71.78,"""11/19/2014""","""4:00pm""
"
"""MET""",54.82,"""11/19/2014""","""4:00pm""
"
"""MHFI""",91.10,"""11/19/2014""","""4:00pm""
"
"""MHK""",145.97,"""11/19/2014""","""4:00pm""
"
"""MJN""",102.66,"""11/19/2014""","""4:00pm""
"
"""MKC""",72.78,"""11/19/2014""","""4:00pm""
"
"""MLM""",128.21,"""11/19/2014""","""4:00pm""
"
"""MMC""",55.75,"""11/19/2014""","""4:00pm""
"
"""MMM""",158.76,"""11/19/2014""","""4:00pm""
"
"""MNK""",85.97,"""11/19/2014""","""4:00pm""
"
"""MNST""",110.30,"""11/19/2014""","""4:00pm""
"
"""MO""",49.14,"""11/19/2014""","""4:00pm""
"
"""MON""",119.53,"""11/19/2014""","""4:00pm""
"
"""MOS""",47.60,"""11/19/2014""","""4:00pm""
"
"""MPC""",93.81,"""11/19/2014""","""4:00pm""
"
"""MRK""",59.64,"""11/19/2014""","""4:00pm""
"
"""MRO""",32.77,"""11/19/2014""","""4:00pm""
"
"""MS""",35.48,"""11/19/2014""","""4:00pm""
"
"""MSFT""",48.22,"""11/19/2014""","""4:00pm""
"
"""MSI""",65.93,"""11/19/2014""","""4:00pm""
"
"""MTB""",124.57,"""11/19/2014""","""4:00pm""
"
"""MU""",32.96,"""11/19/2014""","""4:00pm""
"
"""MUR""",51.63,"""11/19/2014""","""4:00pm""
"
"""MWV""",44.36,"""11/19/2014""","""4:00pm""
"
"""MYL""",55.68,"""11/19/2014""","""4:00pm""
"
"""NAVI""",20.71,"""11/19/2014""","""4:00pm""
"
"""NBL""",54.75,"""11/19/2014""","""4:00pm""
"
"""NBR""",15.81,"""11/19/2014""","""4:00pm""
"
"""NDAQ""",43.98,"""11/19/2014""","""4:00pm""
"
"""NE""",20.53,"""11/19/2014""","""4:00pm""
"
"""NEE""",103.73,"""11/19/2014""","""4:00pm""
"
"""NEM""",19.11,"""11/19/2014""","""4:00pm""
"
"""NFLX""",362.74,"""11/19/2014""","""4:00pm""
"
"""NFX""",33.13,"""11/19/2014""","""4:00pm""
"
"""NI""",40.95,"""11/19/2014""","""4:00pm""
"
"""NKE""",96.95,"""11/19/2014""","""4:00pm""
"
"""NLSN""",41.67,"""11/19/2014""","""4:00pm""
"
"""NOC""",137.51,"""11/19/2014""","""4:00pm""
"
"""NOV""",71.52,"""11/19/2014""","""4:00pm""
"
"""NRG""",31.30,"""11/19/2014""","""4:00pm""
"
"""NSC""",115.15,"""11/19/2014""","""4:00pm""
"
"""NTAP""",41.81,"""11/19/2014""","""4:00pm""
"
"""NTRS""",68.135,"""11/19/2014""","""4:00pm""
"
"""NU""",49.93,"""11/19/2014""","""4:00pm""
"
"""NUE""",53.70,"""11/19/2014""","""4:00pm""
"
"""NVDA""",20.01,"""11/19/2014""","""4:00pm""
"
"""NWL""",35.59,"""11/19/2014""","""4:00pm""
"
"""NWSA""",15.19,"""11/19/2014""","""4:00pm""
"
"""OI""",25.73,"""11/19/2014""","""4:00pm""
"
"""OKE""",56.84,"""11/19/2014""","""4:00pm""
"
"""OMC""",74.88,"""11/19/2014""","""4:00pm""
"
"""ORCL""",40.92,"""11/19/2014""","""4:00pm""
"
"""ORLY""",178.19,"""11/19/2014""","""4:00pm""
"
"""OXY""",86.03,"""11/19/2014""","""4:00pm""
"
"""PAYX""",47.355,"""11/19/2014""","""4:00pm""
"
"""PBCT""",14.71,"""11/19/2014""","""4:00pm""
"
"""PBI""",24.305,"""11/19/2014""","""4:00pm""
"
"""PCAR""",66.43,"""11/19/2014""","""4:00pm""
"
"""PCG""",50.17,"""11/19/2014""","""4:00pm""
"
"""PCL""",40.57,"""11/19/2014""","""4:00pm""
"
"""PCLN""",1156.65,"""11/19/2014""","""4:00pm""
"
"""PCP""",232.93,"""11/19/2014""","""4:00pm""
"
"""PDCO""",46.35,"""11/19/2014""","""4:00pm""
"
"""PEG""",40.55,"""11/19/2014""","""4:00pm""
"
"""PEP""",98.41,"""11/19/2014""","""4:00pm""
"
"""PETM""",78.19,"""11/19/2014""","""4:00pm""
"
"""PFE""",30.44,"""11/19/2014""","""4:00pm""
"
"""PFG""",52.93,"""11/19/2014""","""4:00pm""
"
"""PG""",88.74,"""11/19/2014""","""4:00pm""
"
"""PGR""",27.12,"""11/19/2014""","""4:00pm""
"
"""PH""",129.24,"""11/19/2014""","""4:00pm""
"
"""PHM""",20.945,"""11/19/2014""","""4:00pm""
"
"""PKI""",43.75,"""11/19/2014""","""4:00pm""
"
"""PLD""",40.85,"""11/19/2014""","""4:00pm""
"
"""PLL""",94.81,"""11/19/2014""","""4:00pm""
"
"""PM""",86.83,"""11/19/2014""","""4:00pm""
"
"""PNC""",87.04,"""11/19/2014""","""4:00pm""
"
"""PNR""",67.63,"""11/19/2014""","""4:00pm""
"
"""PNW""",62.06,"""11/19/2014""","""4:00pm""
"
"""POM""",27.52,"""11/19/2014""","""4:00pm""
"
"""PPG""",210.90,"""11/19/2014""","""4:00pm""
"
"""PPL""",35.40,"""11/19/2014""","""4:00pm""
"
"""PRGO""",158.80,"""11/19/2014""","""4:00pm""
"
"""PRU""",84.135,"""11/19/2014""","""4:00pm""
"
"""PSA""",183.93,"""11/19/2014""","""4:00pm""
"
"""PSX""",75.77,"""11/19/2014""","""4:00pm""
"
"""PVH""",123.07,"""11/19/2014""","""4:00pm""
"
"""PWR""",32.61,"""11/19/2014""","""4:00pm""
"
"""PX""",128.27,"""11/19/2014""","""4:00pm""
"
"""PXD""",168.77,"""11/19/2014""","""4:00pm""
"
"""QCOM""",70.47,"""11/19/2014""","""4:00pm""
"
"""QEP""",23.46,"""11/19/2014""","""4:00pm""
"
"""R""",90.55,"""11/19/2014""","""4:00pm""
"
"""RAI""",65.85,"""11/19/2014""","""4:00pm""
"
"""REGN""",415.25,"""11/19/2014""","""4:00pm""
"
"""RF""",10.07,"""11/19/2014""","""4:00pm""
"
"""RHI""",56.85,"""11/19/2014""","""4:00pm""
"
"""RHT""",62.94,"""11/19/2014""","""4:00pm""
"
"""RIG""",25.37,"""11/19/2014""","""4:00pm""
"
"""RL""",179.65,"""11/19/2014""","""4:00pm""
"
"""ROK""",110.20,"""11/19/2014""","""4:00pm""
"
"""ROP""",156.62,"""11/19/2014""","""4:00pm""
"
"""ROST""",82.16,"""11/19/2014""","""4:00pm""
"
"""RRC""",73.01,"""11/19/2014""","""4:00pm""
"
"""RSG""",39.375,"""11/19/2014""","""4:00pm""
"
"""RTN""",104.36,"""11/19/2014""","""4:00pm""
"
"""SBUX""",77.82,"""11/19/2014""","""4:00pm""
"
"""SCG""",56.655,"""11/19/2014""","""4:00pm""
"
"""SCHW""",28.52,"""11/19/2014""","""4:00pm""
"
"""SE""",38.775,"""11/19/2014""","""4:00pm""
"
"""SEE""",38.19,"""11/19/2014""","""4:00pm""
"
"""SHW""",240.77,"""11/19/2014""","""4:00pm""
"
"""SIAL""",135.98,"""11/19/2014""","""4:00pm""
"
"""SJM""",101.65,"""11/19/2014""","""4:00pm""
"
"""SLB""",95.00,"""11/19/2014""","""4:00pm""
"
"""SNA""",135.78,"""11/19/2014""","""4:00pm""
"
"""SNDK""",98.04,"""11/19/2014""","""4:00pm""
"
"""SNI""",75.51,"""11/19/2014""","""4:00pm""
"
"""SO""",47.26,"""11/19/2014""","""4:00pm""
"
"""SPG""",176.41,"""11/19/2014""","""4:00pm""
"
"""SPLS""",13.92,"""11/19/2014""","""3:59pm""
"
"""SRCL""",127.05,"""11/19/2014""","""4:00pm""
"
"""SRE""",110.11,"""11/19/2014""","""4:00pm""
"
"""STI""",39.335,"""11/19/2014""","""4:00pm""
"
"""STJ""",63.97,"""11/19/2014""","""4:00pm""
"
"""STT""",75.88,"""11/19/2014""","""4:00pm""
"
"""STX""",64.62,"""11/19/2014""","""4:00pm""
"
"""STZ""",94.28,"""11/19/2014""","""4:00pm""
"
"""SWK""",94.88,"""11/19/2014""","""4:00pm""
"
"""SWN""",33.58,"""11/19/2014""","""4:00pm""
"
"""SWY""",34.85,"""11/19/2014""","""4:00pm""
"
"""SYK""",89.65,"""11/19/2014""","""4:00pm""
"
"""SYMC""",25.31,"""11/19/2014""","""4:00pm""
"
"""SYY""",39.15,"""11/19/2014""","""4:01pm""
"
"""T""",35.37,"""11/19/2014""","""4:00pm""
"
"""TAP""",74.84,"""11/19/2014""","""4:00pm""
"
"""TDC""",44.755,"""11/19/2014""","""4:00pm""
"
"""TE""",19.66,"""11/19/2014""","""4:00pm""
"
"""TEG""",73.13,"""11/19/2014""","""4:01pm""
"
"""TEL""",61.44,"""11/19/2014""","""4:00pm""
"
"""TGT""",72.47,"""11/19/2014""","""4:00pm""
"
"""THC""",47.72,"""11/19/2014""","""4:00pm""
"
"""TIF""",102.67,"""11/19/2014""","""4:00pm""
"
"""TJX""",62.13,"""11/19/2014""","""4:01pm""
"
"""TMK""",53.25,"""11/19/2014""","""4:00pm""
"
"""TMO""",124.66,"""11/19/2014""","""4:00pm""
"
"""TRIP""",71.40,"""11/19/2014""","""4:00pm""
"
"""TROW""",82.02,"""11/19/2014""","""4:00pm""
"
"""TRV""",103.03,"""11/19/2014""","""4:01pm""
"
"""TSCO""",75.32,"""11/19/2014""","""4:00pm""
"
"""TSN""",43.17,"""11/19/2014""","""4:00pm""
"
"""TSO""",74.57,"""11/19/2014""","""4:00pm""
"
"""TSS""",32.345,"""11/19/2014""","""4:00pm""
"
"""TWC""",143.61,"""11/19/2014""","""4:01pm""
"
"""TWX""",80.93,"""11/19/2014""","""4:00pm""
"
"""TXN""",51.94,"""11/19/2014""","""4:00pm""
"
"""TXT""",42.83,"""11/19/2014""","""4:00pm""
"
"""TYC""",41.63,"""11/19/2014""","""4:00pm""
"
"""UA""",70.49,"""11/19/2014""","""4:00pm""
"
"""UHS""",102.19,"""11/19/2014""","""4:00pm""
"
"""UNH""",96.86,"""11/19/2014""","""4:01pm""
"
"""UNM""",33.86,"""11/19/2014""","""4:00pm""
"
"""UNP""",120.47,"""11/19/2014""","""4:00pm""
"
"""UPS""",105.64,"""11/19/2014""","""4:00pm""
"
"""URBN""",29.53,"""11/19/2014""","""4:00pm""
"
"""URI""",114.25,"""11/19/2014""","""4:00pm""
"
"""USB""",43.89,"""11/19/2014""","""4:00pm""
"
"""UTX""",108.69,"""11/19/2014""","""4:00pm""
"
"""V""",249.86,"""11/19/2014""","""4:00pm""
"
"""VAR""",87.66,"""11/19/2014""","""4:01pm""
"
"""VFC""",72.65,"""11/19/2014""","""4:00pm""
"
"""VIAB""",73.48,"""11/19/2014""","""4:00pm""
"
"""VLO""",50.12,"""11/19/2014""","""4:00pm""
"
"""VMC""",67.66,"""11/19/2014""","""4:00pm""
"
"""VNO""",108.97,"""11/19/2014""","""4:00pm""
"
"""VRSN""",59.375,"""11/19/2014""","""4:00pm""
"
"""VRTX""",112.80,"""11/19/2014""","""4:00pm""
"
"""VTR""",68.52,"""11/19/2014""","""4:00pm""
"
"""VZ""",50.49,"""11/19/2014""","""4:00pm""
"
"""WAG""",67.79,"""11/19/2014""","""4:00pm""
"
"""WAT""",114.35,"""11/19/2014""","""4:01pm""
"
"""WDC""",99.905,"""11/19/2014""","""4:00pm""
"
"""WEC""",48.645,"""11/19/2014""","""4:00pm""
"
"""WFC""",53.36,"""11/19/2014""","""4:00pm""
"
"""WFM""",47.78,"""11/19/2014""","""4:00pm""
"
"""WHR""",179.89,"""11/19/2014""","""4:01pm""
"
"""WIN""",9.83,"""11/19/2014""","""4:00pm""
"
"""WLP""",125.82,"""11/19/2014""","""4:01pm""
"
"""WM""",48.56,"""11/19/2014""","""4:00pm""
"
"""WMB""",55.22,"""11/19/2014""","""4:00pm""
"
"""WMT""",84.99,"""11/19/2014""","""4:00pm""
"
"""WU""",18.21,"""11/19/2014""","""4:00pm""
"
"""WY""",34.20,"""11/19/2014""","""4:00pm""
"
"""WYN""",79.11,"""11/19/2014""","""4:01pm""
"
"""WYNN""",180.02,"""11/19/2014""","""4:00pm""
"
"""XEC""",116.13,"""11/19/2014""","""4:00pm""
"
"""XEL""",33.58,"""11/19/2014""","""4:00pm""
"
"""XL""",34.96,"""11/19/2014""","""4:00pm""
"
"""XLNX""",44.24,"""11/19/2014""","""4:00pm""
"
"""XOM""",95.61,"""11/19/2014""","""4:00pm""
"
"""XRAY""",53.25,"""11/19/2014""","""4:00pm""
"
"""XRX""",13.43,"""11/19/2014""","""4:01pm""
"
"""XYL""",37.34,"""11/19/2014""","""4:00pm""
"
"""YHOO""",50.58,"""11/19/2014""","""4:00pm""
"
"""YUM""",73.97,"""11/19/2014""","""4:00pm""
"
"""ZION""",28.68,"""11/19/2014""","""4:00pm""
"
"""ZMH""",110.55,"""11/19/2014""","""4:02pm""
"
"""ZTS""",43.39,"""11/19/2014""","""4:00pm""
"
